character	index	digits	pdf_page
一	1	1	9
乙	2	5	9
二	3	11	9
十	4	12	9
丁	5	12	9
厂	6	13	9
七	7	15	9
卜	8	24	9
八	9	34	9
人	10	34	9
入	11	34	9
儿	12	35	9
匕	13	35	9
几	14	35	9
九	15	35	9
刁	16	51	9
了	17	52	9
刀	18	53	9
力	19	53	9
乃	20	53	9
又	21	54	9
三	22	111	9
干	23	112	9
于	24	112	10
亏	25	115	10
工	26	121	10
土	27	121	10
士	28	121	10
才	29	123	10
下	30	124	10
寸	31	124	10
大	32	134	10
丈	33	134	10
与	34	151	10
万	35	153	10
上	36	211	10
小	37	234	10
口	38	251	10
山	39	252	10
巾	40	252	10
千	41	312	10
乞	42	315	10
川	43	322	10
亿	44	325	10
个	45	342	10
夕	46	354	11
久	47	354	11
么	48	354	11
勺	49	354	11
凡	50	354	11
丸	51	354	11
及	52	354	11
广	53	413	11
亡	54	415	11
门	55	425	11
丫	56	432	11
义	57	434	11
之	58	454	11
尸	59	513	11
己	60	515	11
已	61	515	11
巳	62	515	11
弓	63	515	11
子	64	521	11
卫	65	521	11
也	66	525	11
女	67	531	11
刃	68	534	11
飞	69	534	11
习	70	541	12
叉	71	544	12
马	72	551	12
乡	73	553	12
丰	74	1112	12
王	75	1121	12
开	76	1132	12
井	77	1132	12
天	78	1134	12
夫	79	1134	12
元	80	1135	12
无	81	1135	12
云	82	1154	12
专	83	1154	12
丐	84	1215	12
扎	85	1215	12
艺	86	1225	12
木	87	1234	12
五	88	1251	12
支	89	1254	12
厅	90	1312	12
不	91	1324	13
犬	92	1344	13
太	93	1344	13
区	94	1345	13
历	95	1353	13
歹	96	1354	13
友	97	1354	13
尤	98	1354	13
匹	99	1355	13
车	100	1512	13
巨	101	1515	13
牙	102	1523	13
屯	103	1525	13
戈	104	1534	13
比	105	1535	13
互	106	1551	13
切	107	1553	13
瓦	108	1554	13
止	109	2121	13
少	110	2343	13
曰	111	2511	13
日	112	2511	13
中	113	2512	13
贝	114	2534	14
冈	115	2534	14
内	116	2534	14
水	117	2534	14
见	118	2535	14
午	119	3112	14
牛	120	3112	14
手	121	3112	14
气	122	3115	14
毛	123	3115	14
壬	124	3121	14
升	125	3132	14
夭	126	3134	14
长	127	3154	14
仁	128	3211	14
什	129	3212	14
片	130	3215	14
仆	131	3224	14
化	132	3235	14
仇	133	3235	14
币	134	3252	14
仍	135	3253	14
仅	136	3254	14
斤	137	3312	15
爪	138	3324	15
反	139	3354	15
介	140	3432	15
父	141	3434	15
从	142	3434	15
仑	143	3435	15
今	144	3445	15
凶	145	3452	15
分	146	3453	15
乏	147	3454	15
公	148	3454	15
仓	149	3455	15
月	150	3511	15
氏	151	3515	15
勿	152	3533	15
欠	153	3534	15
风	154	3534	15
丹	155	3541	15
匀	156	3541	15
乌	157	3551	15
勾	158	3554	16
凤	159	3554	16
六	160	4134	16
文	161	4134	16
亢	162	4135	16
方	163	4153	16
火	164	4334	16
为	165	4354	16
斗	166	4412	16
忆	167	4425	16
计	168	4512	16
订	169	4512	16
户	170	4513	16
认	171	4534	16
冗	172	4535	16
讥	173	4535	16
心	174	4544	16
尺	175	5134	16
引	176	5152	16
丑	177	5211	16
巴	178	5215	17
孔	179	5215	17
队	180	5234	17
办	181	5344	17
以	182	5434	17
允	183	5435	17
予	184	5452	17
邓	185	5452	17
劝	186	5453	17
双	187	5454	17
书	188	5524	17
幻	189	5545	17
玉	190	11214	17
刊	191	11222	17
未	192	11234	17
末	193	11234	17
示	194	11234	17
击	195	11252	17
打	196	12112	17
巧	197	12115	18
正	198	12121	18
扑	199	12124	18
卉	200	12132	18
扒	201	12134	18
功	202	12153	18
扔	203	12153	18
去	204	12154	18
甘	205	12211	18
世	206	12215	18
艾	207	12234	18
古	208	12251	18
节	209	12252	18
本	210	12341	18
术	211	12344	18
可	212	12512	18
丙	213	12534	18
左	214	13121	18
厉	215	13153	18
石	216	13251	19
右	217	13251	19
布	218	13252	19
夯	219	13453	19
戊	220	13534	19
龙	221	13534	19
平	222	14312	19
灭	223	14334	19
轧	224	15215	19
东	225	15234	19
卡	226	21124	19
北	227	21135	19
占	228	21251	19
凸	229	21251	19
卢	230	21513	19
业	231	22431	19
旧	232	22511	19
帅	233	23252	19
归	234	23511	19
旦	235	25111	19
目	236	25111	19
且	237	25111	19
叶	238	25112	19
甲	239	25112	19
申	240	25112	20
叮	241	25112	20
电	242	25115	20
号	243	25115	20
田	244	25121	20
由	245	25121	20
只	246	25134	20
叭	247	25134	20
史	248	25134	20
央	249	25134	20
兄	250	25135	20
叽	251	25135	20
叼	252	25151	20
叫	253	25152	20
叩	254	25152	20
叨	255	25153	20
另	256	25153	20
叹	257	25154	20
冉	258	25211	20
皿	259	25221	20
凹	260	25251	20
囚	261	25341	20
四	262	25351	20
生	263	31121	21
矢	264	31134	21
失	265	31134	21
乍	266	31211	21
禾	267	31234	21
丘	268	32121	21
付	269	32124	21
仗	270	32134	21
代	271	32154	21
仙	272	32252	21
们	273	32425	21
仪	274	32434	21
白	275	32511	21
仔	276	32521	21
他	277	32525	21
斥	278	33124	21
瓜	279	33544	21
乎	280	34312	22
丛	281	34341	22
令	282	34454	22
用	283	35112	22
甩	284	35115	22
印	285	35152	22
尔	286	35234	22
乐	287	35234	22
句	288	35251	22
匆	289	35334	22
册	290	35351	22
卯	291	35352	22
犯	292	35355	22
外	293	35424	22
处	294	35424	22
冬	295	35444	22
鸟	296	35451	22
务	297	35453	22
包	298	35515	22
饥	299	35535	22
主	300	41121	22
市	301	41252	23
立	302	41431	23
冯	303	41551	23
玄	304	41554	23
闪	305	42534	23
兰	306	43111	23
半	307	43112	23
汁	308	44112	23
汇	309	44115	23
头	310	44134	23
汉	311	44154	23
宁	312	44512	23
穴	313	44534	23
它	314	44535	23
讨	315	45124	23
写	316	45151	24
让	317	45211	24
礼	318	45245	24
训	319	45322	24
议	320	45434	24
必	321	45434	24
讯	322	45512	24
记	323	45515	24
永	324	45534	24
司	325	51251	24
尼	326	51335	24
民	327	51515	24
弗	328	51532	24
弘	329	51554	24
出	330	52252	24
辽	331	52454	24
奶	332	53153	24
奴	333	53154	24
召	334	53251	24
加	335	53251	24
皮	336	53254	25
边	337	53454	25
孕	338	53521	25
发	339	53544	25
圣	340	54121	25
对	341	54124	25
台	342	54251	25
矛	343	54523	25
纠	344	55152	25
母	345	55414	25
幼	346	55453	25
丝	347	55551	25
邦	348	111352	25
式	349	112154	25
迂	350	112454	25
刑	351	113222	25
戎	352	113534	25
动	353	115453	25
扛	354	121121	26
寺	355	121124	26
吉	356	121251	26
扣	357	121251	26
考	358	121315	26
托	359	121315	26
老	360	121335	26
巩	361	121354	26
圾	362	121354	26
执	363	121354	26
扩	364	121413	26
扫	365	121511	26
地	366	121525	26
场	367	121533	26
扬	368	121533	27
耳	369	122111	27
芋	370	122112	27
共	371	122134	27
芒	372	122415	27
亚	373	122431	27
芝	374	122454	27
朽	375	123415	27
朴	376	123424	27
机	377	123435	27
权	378	123454	27
过	379	124454	27
臣	380	125125	27
吏	381	125134	27
再	382	125211	28
协	383	125344	28
西	384	125351	28
压	385	131214	28
厌	386	131344	28
戌	387	131534	28
在	388	132121	28
百	389	132511	28
有	390	132511	28
存	391	132521	28
而	392	132522	28
页	393	132534	28
匠	394	133125	28
夸	395	134115	28
夺	396	134124	28
灰	397	134334	28
达	398	134454	28
列	399	135422	28
死	400	135435	28
成	401	135534	28
夹	402	143134	28
夷	403	151534	29
轨	404	152135	29
邪	405	152352	29
尧	406	153135	29
划	407	153422	29
迈	408	153454	29
毕	409	153512	29
至	410	154121	29
此	411	212135	29
贞	412	212534	29
师	413	231252	29
尘	414	234121	29
尖	415	234134	29
劣	416	234353	29
光	417	243135	29
当	418	243511	29
早	419	251112	29
吁	420	251112	29
吐	421	251121	29
吓	422	251124	29
虫	423	251214	29
曲	424	251221	29
团	425	251231	30
吕	426	251251	30
同	427	251251	30
吊	428	251252	30
吃	429	251315	30
因	430	251341	30
吸	431	251354	30
吗	432	251551	30
吆	433	251554	30
屿	434	252151	30
屹	435	252315	30
岁	436	252354	30
帆	437	252354	30
回	438	252511	30
岂	439	252515	30
则	440	253422	30
刚	441	253422	30
网	442	253434	30
肉	443	253434	30
年	444	311212	31
朱	445	311234	31
先	446	312135	31
丢	447	312154	31
廷	448	312154	31
舌	449	312251	31
竹	450	312312	31
迁	451	312454	31
乔	452	313432	31
迄	453	315454	31
伟	454	321152	31
传	455	321154	31
乒	456	321213	31
乓	457	321214	31
休	458	321234	31
伍	459	321251	31
伏	460	321344	31
优	461	321354	32
臼	462	321511	32
伐	463	321534	32
延	464	321554	32
仲	465	322512	32
件	466	323112	32
任	467	323121	32
伤	468	323153	32
价	469	323432	32
伦	470	323435	32
份	471	323453	32
华	472	323512	32
仰	473	323552	32
仿	474	324153	32
伙	475	324334	32
伪	476	324354	32
自	477	325111	33
伊	478	325113	33
血	479	325221	33
向	480	325251	33
似	481	325434	33
后	482	331251	33
行	483	332112	33
舟	484	335414	33
全	485	341121	33
会	486	341154	33
杀	487	341234	33
合	488	341251	33
兆	489	341534	33
企	490	342121	33
众	491	343434	33
爷	492	343452	33
伞	493	344312	33
创	494	345522	33
肌	495	351135	33
肋	496	351153	34
朵	497	351234	34
杂	498	351234	34
危	499	351355	34
旬	500	352511	34
旨	501	352511	34
旭	502	352511	34
负	503	352534	34
匈	504	353452	34
名	505	354251	34
各	506	354251	34
多	507	354354	34
争	508	355112	34
色	509	355215	34
壮	510	412121	34
冲	511	412512	35
妆	512	412531	35
冰	513	412534	35
庄	514	413121	35
庆	515	413134	35
亦	516	413234	35
刘	517	413422	35
齐	518	413432	35
交	519	413434	35
衣	520	413534	35
次	521	413534	35
产	522	414313	35
决	523	415134	35
亥	524	415334	35
充	525	415435	35
妄	526	415531	35
闭	527	425123	35
问	528	425251	35
闯	529	425551	35
羊	530	431112	35
并	531	431132	35
关	532	431134	35
米	533	431234	35
灯	534	433412	35
州	535	434242	36
汗	536	441112	36
污	537	441115	36
江	538	441121	36
汛	539	441512	36
池	540	441525	36
汝	541	441531	36
汤	542	441533	36
忙	543	442415	36
兴	544	443134	36
宇	545	445112	36
守	546	445124	36
宅	547	445315	36
字	548	445521	36
安	549	445531	36
讲	550	451132	36
讳	551	451152	37
军	552	451512	37
讶	553	451523	37
许	554	453112	37
讹	555	453235	37
论	556	453435	37
讼	557	453454	37
农	558	453534	37
讽	559	453534	37
设	560	453554	37
访	561	454153	37
诀	562	455134	37
寻	563	511124	37
那	564	511352	37
迅	565	512454	37
尽	566	513444	37
导	567	515124	38
异	568	515132	38
弛	569	515525	38
孙	570	521234	38
阵	571	521512	38
阳	572	522511	38
收	573	523134	38
阶	574	523432	38
阴	575	523511	38
防	576	524153	38
奸	577	531112	38
如	578	531251	38
妇	579	531511	38
妃	580	531515	38
好	581	531521	38
她	582	531525	38
妈	583	531551	38
戏	584	541534	38
羽	585	541541	38
观	586	542535	38
欢	587	543534	39
买	588	544134	39
红	589	551121	39
驮	590	551134	39
纤	591	551312	39
驯	592	551322	39
约	593	551354	39
级	594	551354	39
纪	595	551515	39
驰	596	551525	39
纫	597	551534	39
巡	598	555454	39
寿	599	1113124	39
弄	600	1121132	39
麦	601	1121354	39
玖	602	1121354	39
玛	603	1121551	40
形	604	1132333	40
进	605	1132454	40
戒	606	1132534	40
吞	607	1134251	40
远	608	1135454	40
违	609	1152454	40
韧	610	1152534	40
运	611	1154454	40
扶	612	1211134	40
抚	613	1211135	40
坛	614	1211154	40
技	615	1211254	40
坏	616	1211324	40
抠	617	1211345	40
扰	618	1211354	40
扼	619	1211355	40
拒	620	1211515	40
找	621	1211534	41
批	622	1211535	41
址	623	1212121	41
扯	624	1212121	41
走	625	1212134	41
抄	626	1212343	41
贡	627	1212534	41
汞	628	1212534	41
坝	629	1212534	41
攻	630	1213134	41
赤	631	1213234	41
折	632	1213312	41
抓	633	1213324	41
扳	634	1213354	41
抡	635	1213435	41
扮	636	1213453	41
抢	637	1213455	41
孝	638	1213521	41
坎	639	1213534	41
均	640	1213541	42
抑	641	1213552	42
抛	642	1213553	42
投	643	1213554	42
坟	644	1214134	42
坑	645	1214135	42
抗	646	1214135	42
坊	647	1214153	42
抖	648	1214412	42
护	649	1214513	42
壳	650	1214535	42
志	651	1214544	42
块	652	1215134	42
扭	653	1215211	42
声	654	1215213	42
把	655	1215215	42
报	656	1215254	42
拟	657	1215434	42
却	658	1215452	42
抒	659	1215452	42
劫	660	1215453	42
芙	661	1221134	43
芜	662	1221135	43
苇	663	1221152	43
芽	664	1221523	43
花	665	1223235	43
芹	666	1223312	43
芥	667	1223432	43
芬	668	1223453	44
苍	669	1223455	44
芳	670	1224153	44
严	671	1224313	44
芦	672	1224513	44
芯	673	1224544	44
劳	674	1224553	44
克	675	1225135	44
芭	676	1225215	44
苏	677	1225344	44
杆	678	1234112	44
杠	679	1234121	44
杜	680	1234121	44
材	681	1234123	44
村	682	1234124	44
杖	683	1234134	45
杏	684	1234251	45
杉	685	1234333	45
巫	686	1234341	45
极	687	1234354	45
李	688	1234521	45
杨	689	1234533	45
求	690	1241344	45
甫	691	1251124	45
匣	692	1251125	45
更	693	1251134	45
束	694	1251234	45
吾	695	1251251	45
豆	696	1251431	45
两	697	1253434	45
酉	698	1253511	46
丽	699	1254254	46
医	700	1311345	46
辰	701	1311534	46
励	702	1315353	46
否	703	1324251	46
还	704	1324454	46
尬	705	1353432	46
歼	706	1354312	46
来	707	1431234	46
连	708	1512454	46
轩	709	1521112	46
步	710	2121233	47
卤	711	2125341	47
坚	712	2254121	47
肖	713	2432511	47
旱	714	2511112	47
盯	715	2511112	47
呈	716	2511121	47
时	717	2511124	47
吴	718	2511134	47
助	719	2511153	47
县	720	2511154	47
里	721	2511211	47
呆	722	2511234	47
吱	723	2511254	47
吠	724	2511344	47
呕	725	2511345	48
园	726	2511351	48
旷	727	2511413	48
围	728	2511521	48
呀	729	2511523	48
吨	730	2511525	48
足	731	2512134	48
邮	732	2512152	48
男	733	2512153	48
困	734	2512341	48
吵	735	2512343	48
串	736	2512512	48
员	737	2512534	48
呐	738	2512534	48
听	739	2513312	48
吟	740	2513445	49
吩	741	2513453	49
呛	742	2513455	49
吻	743	2513533	49
吹	744	2513534	49
呜	745	2513551	49
吭	746	2514135	49
吧	747	2515215	49
邑	748	2515215	49
吼	749	2515215	49
囤	750	2515251	49
别	751	2515322	49
吮	752	2515435	49
岖	753	2521345	49
岗	754	2522534	49
帐	755	2523154	49
财	756	2534123	50
针	757	3111512	50
钉	758	3111512	50
牡	759	3121121	50
告	760	3121251	50
我	761	3121534	50
乱	762	3122515	50
利	763	3123422	50
秃	764	3123435	50
秀	765	3123453	50
私	766	3123454	50
每	767	3155414	51
兵	768	3212134	51
估	769	3212251	51
体	770	3212341	51
何	771	3212512	51
佐	772	3213121	51
佑	773	3213251	51
但	774	3225111	51
伸	775	3225112	51
佃	776	3225121	51
作	777	3231211	51
伯	778	3232511	51
伶	779	3234454	51
佣	780	3235112	51
低	781	3235154	51
你	782	3235234	51
住	783	3241121	51
位	784	3241431	52
伴	785	3243112	52
身	786	3251113	52
皂	787	3251115	52
伺	788	3251251	52
佛	789	3251532	52
囱	790	3253541	52
近	791	3312454	52
彻	792	3321553	52
役	793	3323554	52
返	794	3354454	52
余	795	3411234	52
希	796	3413252	52
坐	797	3434121	52
谷	798	3434251	52
妥	799	3443531	52
含	800	3445251	53
邻	801	3445452	53
岔	802	3453252	53
肝	803	3511112	53
肛	804	3511121	53
肚	805	3511121	53
肘	806	3511124	53
肠	807	3511533	53
龟	808	3525115	53
甸	809	3525121	53
免	810	3525135	53
狂	811	3531121	53
犹	812	3531354	53
狈	813	3532534	53
角	814	3535112	53
删	815	3535122	53
条	816	3541234	54
彤	817	3541333	54
卵	818	3543524	54
灸	819	3544334	54
岛	820	3545252	54
刨	821	3551522	54
迎	822	3552454	54
饭	823	3553354	54
饮	824	3553534	54
系	825	3554234	54
言	826	4111251	54
冻	827	4115234	54
状	828	4121344	54
亩	829	4125121	54
况	830	4125135	54
床	831	4131234	54
库	832	4131512	55
庇	833	4131535	55
疗	834	4134152	55
吝	835	4134251	55
应	836	4134431	55
这	837	4134454	55
冷	838	4134454	55
庐	839	4134513	55
序	840	4135452	55
辛	841	4143112	55
弃	842	4154132	55
冶	843	4154251	55
忘	844	4154544	55
闰	845	4251121	55
闲	846	4251234	55
间	847	4252511	55
闷	848	4254544	55
判	849	4311322	55
兑	850	4325135	56
灶	851	4334121	56
灿	852	4334252	56
灼	853	4334354	56
弟	854	4351523	56
汪	855	4411121	56
沐	856	4411234	56
沛	857	4411252	56
汰	858	4411344	56
沥	859	4411353	56
沙	860	4412343	56
汽	861	4413115	57
沃	862	4413134	57
沦	863	4413435	57
汹	864	4413452	57
泛	865	4413454	57
沧	866	4413455	57
没	867	4413554	57
沟	868	4413554	57
沪	869	4414513	57
沈	870	4414535	57
沉	871	4414535	57
沁	872	4414544	57
怀	873	4421324	58
忧	874	4421354	58
忱	875	4424535	58
快	876	4425134	58
完	877	4451135	58
宋	878	4451234	58
宏	879	4451354	58
牢	880	4453112	58
究	881	4453435	58
穷	882	4453453	58
灾	883	4454334	58
良	884	4511534	58
证	885	4512121	59
启	886	4513251	59
评	887	4514312	59
补	888	4523424	59
初	889	4523453	59
社	890	4524121	59
祀	891	4524515	59
识	892	4525134	59
诈	893	4531211	59
诉	894	4533124	59
罕	895	4534112	59
诊	896	4534333	59
词	897	4551251	59
译	898	4554112	59
君	899	5113251	60
灵	900	5114334	60
即	901	5115452	60
层	902	5131154	60
屁	903	5131535	60
尿	904	5132534	60
尾	905	5133115	60
迟	906	5134454	60
局	907	5135251	60
改	908	5153134	60
张	909	5153154	60
忌	910	5154544	60
际	911	5211234	60
陆	912	5211252	60
阿	913	5212512	60
陈	914	5215234	60
阻	915	5225111	60
附	916	5232124	60
坠	917	5234121	61
妓	918	5311254	61
妙	919	5312343	61
妖	920	5313134	61
姊	921	5313523	61
妨	922	5314153	61
妒	923	5314513	61
努	924	5315453	61
忍	925	5344544	61
劲	926	5412153	62
矣	927	5431134	62
鸡	928	5435451	62
纬	929	5511152	62
驱	930	5511345	62
纯	931	5511525	62
纱	932	5512343	62
纲	933	5512534	62
纳	934	5512534	62
驳	935	5513434	62
纵	936	5513434	62
纷	937	5513453	62
纸	938	5513515	62
纹	939	5514134	62
纺	940	5514153	62
驴	941	5514513	63
纽	942	5515211	63
奉	943	11134112	63
玩	944	11211135	63
环	945	11211324	63
武	946	11212154	63
青	947	11212511	63
责	948	11212534	64
现	949	11212535	64
玫	950	11213134	64
表	951	11213534	64
规	952	11342535	64
抹	953	12111234	65
卦	954	12112124	65
坷	955	12112512	65
坯	956	12113241	65
拓	957	12113251	65
拢	958	12113534	65
拔	959	12113544	65
坪	960	12114312	65
拣	961	12115534	65
坦	962	12125111	66
担	963	12125111	66
坤	964	12125112	66
押	965	12125112	66
抽	966	12125121	66
拐	967	12125153	66
拖	968	12131525	67
者	969	12132511	67
拍	970	12132511	67
顶	971	12132534	67
拆	972	12133124	67
拎	973	12134454	67
拥	974	12135112	67
抵	975	12135154	67
拘	976	12135251	67
势	977	12135453	68
抱	978	12135515	68
拄	979	12141121	68
垃	980	12141431	68
拉	981	12141431	68
拦	982	12143111	68
幸	983	12143112	68
拌	984	12143112	68
拧	985	12144512	68
拂	986	12151532	68
拙	987	12152252	69
招	988	12153251	69
坡	989	12153254	69
披	990	12153254	69
拨	991	12153544	69
择	992	12154112	69
抬	993	12154251	69
拇	994	12155414	69
拗	995	12155453	69
其	996	12211134	69
取	997	12211154	70
茉	998	12211234	70
苦	999	12212251	70
昔	1000	12212511	70
苛	1001	12212512	70
若	1002	12213251	70
茂	1003	12213534	70
苹	1004	12214312	70
苗	1005	12225121	71
英	1006	12225134	71
苟	1007	12235251	71
苑	1008	12235455	72
苞	1009	12235515	72
范	1010	12244155	72
直	1011	12251111	72
茁	1012	12252252	72
茄	1013	12253251	73
茎	1014	12254121	73
苔	1015	12254251	73
茅	1016	12254523	73
枉	1017	12341121	73
林	1018	12341234	73
枝	1019	12341254	73
杯	1020	12341324	73
枢	1021	12341345	73
柜	1022	12341515	73
枚	1023	12343134	74
析	1024	12343312	74
板	1025	12343354	74
松	1026	12343454	74
枪	1027	12343455	74
枫	1028	12343534	74
构	1029	12343554	75
杭	1030	12344135	75
杰	1031	12344444	75
述	1032	12344454	75
枕	1033	12344535	75
丧	1034	12431534	75
或	1035	12511534	75
画	1036	12512152	75
卧	1037	12512524	75
事	1038	12515112	75
刺	1039	12523422	76
枣	1040	12523444	76
雨	1041	12524444	76
卖	1042	12544134	76
郁	1043	13251152	76
矾	1044	13251354	76
矿	1045	13251413	76
码	1046	13251551	76
厕	1047	13253422	76
奈	1048	13411234	76
奔	1049	13412132	77
奇	1050	13412512	77
奋	1051	13425121	77
态	1052	13444544	77
欧	1053	13453534	77
殴	1054	13453554	77
垄	1055	13534121	77
妻	1056	15112531	77
轰	1057	15125454	78
顷	1058	15132534	78
转	1059	15211154	78
斩	1060	15213312	78
轮	1061	15213435	78
软	1062	15213534	78
到	1063	15412122	78
非	1064	21112111	78
叔	1065	21123454	78
歧	1066	21211254	78
肯	1067	21212511	79
齿	1068	21213452	79
些	1069	21213511	79
卓	1070	21251112	79
虎	1071	21531535	79
虏	1072	21531553	79
肾	1073	22542511	79
贤	1074	22542534	79
尚	1075	24325251	79
旺	1076	25111121	79
具	1077	25111134	79
味	1078	25111234	80
果	1079	25111234	80
昆	1080	25111535	80
国	1081	25112141	80
哎	1082	25112234	80
咕	1083	25112251	80
昌	1084	25112511	80
呵	1085	25112512	80
畅	1086	25112533	80
明	1087	25113511	81
易	1088	25113533	81
咙	1089	25113534	81
昂	1090	25113552	81
迪	1091	25121454	82
典	1092	25122134	82
固	1093	25122511	82
忠	1094	25124544	82
呻	1095	25125112	82
咒	1096	25125135	82
咋	1097	25131211	83
咐	1098	25132124	83
呼	1099	25134312	83
鸣	1100	25135451	83
咏	1101	25145534	83
呢	1102	25151335	83
咄	1103	25152252	83
咖	1104	25153251	84
岸	1105	25213112	84
岩	1106	25213251	84
帖	1107	25221251	84
罗	1108	25221354	84
帜	1109	25225134	85
帕	1110	25232511	85
岭	1111	25234454	85
凯	1112	25251535	86
败	1113	25343134	86
账	1114	25343154	86
贩	1115	25343354	86
贬	1116	25343454	86
购	1117	25343554	86
贮	1118	25344451	86
图	1119	25354441	86
钓	1120	31115354	87
制	1121	31125222	87
知	1122	31134251	88
迭	1123	31134454	88
氛	1124	31153453	88
垂	1125	31212211	88
牧	1126	31213134	88
物	1127	31213533	88
乖	1128	31221135	88
刮	1129	31225122	88
秆	1130	31234112	88
和	1131	31234251	88
季	1132	31234521	88
委	1133	31234531	89
秉	1134	31511234	89
佳	1135	32121121	89
侍	1136	32121124	89
岳	1137	32121252	89
供	1138	32122134	89
使	1139	32125134	89
例	1140	32135422	90
侠	1141	32143134	90
侥	1142	32153135	90
版	1143	32153354	90
侄	1144	32154121	90
侦	1145	32212534	90
侣	1146	32251251	90
侧	1147	32253422	90
凭	1148	32312135	91
侨	1149	32313432	91
佩	1150	32351252	91
货	1151	32352534	91
侈	1152	32354354	91
依	1153	32413534	92
卑	1154	32511312	92
的	1155	32511354	92
迫	1156	32511454	92
质	1157	33122534	93
欣	1158	33123534	93
征	1159	33212121	93
往	1160	33241121	93
爬	1161	33245215	93
彼	1162	33253254	93
径	1163	33254121	93
所	1164	33513312	93
舍	1165	34112251	93
金	1166	34112431	93
刹	1167	34123422	94
命	1168	34125152	94
肴	1169	34132511	94
斧	1170	34343312	94
爸	1171	34345215	94
采	1172	34431234	94
觅	1173	34432535	94
受	1174	34434554	94
乳	1175	34435215	95
贪	1176	34452534	95
念	1177	34454544	95
贫	1178	34532534	95
忿	1179	34534544	95
肤	1180	35111134	95
肺	1181	35111252	95
肢	1182	35111254	95
肿	1183	35112512	96
胀	1184	35113154	96
朋	1185	35113511	96
股	1186	35113554	96
肮	1187	35114135	96
肪	1188	35114153	96
肥	1189	35115215	96
服	1190	35115254	96
胁	1191	35115344	96
周	1192	35121251	97
昏	1193	35152511	97
鱼	1194	35251211	97
兔	1195	35251354	97
狐	1196	35333544	97
忽	1197	35334544	97
狗	1198	35335251	97
狞	1199	35344512	98
备	1200	35425121	98
饰	1201	35531252	98
饱	1202	35535515	98
饲	1203	35551251	98
变	1204	41223454	99
京	1205	41251234	99
享	1206	41251521	99
庞	1207	41313534	99
店	1208	41321251	99
夜	1209	41323544	99
庙	1210	41325121	99
府	1211	41332124	99
底	1212	41335154	99
疟	1213	41341151	99
疙	1214	41341315	100
疚	1215	41341354	100
剂	1216	41343222	100
卒	1217	41343412	100
郊	1218	41343452	100
庚	1219	41351134	100
废	1220	41353544	100
净	1221	41355112	100
盲	1222	41525111	100
放	1223	41533134	100
刻	1224	41533422	101
育	1225	41542511	101
氓	1226	41551515	101
闸	1227	42525112	101
闹	1228	42541252	101
郑	1229	43113452	101
券	1230	43113453	101
卷	1231	43113455	101
单	1232	43251112	101
炬	1233	43341515	101
炒	1234	43342343	102
炊	1235	43343534	102
炕	1236	43344135	102
炎	1237	43344334	102
炉	1238	43344513	102
沫	1239	44111234	102
浅	1240	44111534	102
法	1241	44112154	102
泄	1242	44112215	103
沽	1243	44112251	103
河	1244	44112512	103
沾	1245	44121251	103
泪	1246	44125111	103
沮	1247	44125111	103
油	1248	44125121	103
泊	1249	44132511	104
沿	1250	44135251	104
泡	1251	44135515	104
注	1252	44141121	104
泣	1253	44141431	104
泞	1254	44144512	105
泻	1255	44145151	105
泌	1256	44145434	105
泳	1257	44145534	105
泥	1258	44151335	105
沸	1259	44151532	105
沼	1260	44153251	105
波	1261	44153254	105
泼	1262	44153544	105
泽	1263	44154112	106
治	1264	44154251	106
怔	1265	44212121	106
怯	1266	44212154	106
怖	1267	44213252	106
性	1268	44231121	106
怕	1269	44232511	106
怜	1270	44234454	107
怪	1271	44254121	107
怡	1272	44254251	107
学	1273	44345521	107
宝	1274	44511214	107
宗	1275	44511234	107
定	1276	44512134	107
宠	1277	44513534	108
宜	1278	44525111	108
审	1279	44525112	108
宙	1280	44525121	108
官	1281	44525151	108
空	1282	44534121	108
帘	1283	44534252	108
宛	1284	44535455	108
实	1285	44544134	108
试	1286	45112154	109
郎	1287	45115452	109
诗	1288	45121124	109
肩	1289	45132511	109
房	1290	45134153	109
诚	1291	45135534	109
衬	1292	45234124	109
衫	1293	45234333	109
视	1294	45242535	110
祈	1295	45243312	110
话	1296	45312251	110
诞	1297	45321554	110
诡	1298	45351355	111
询	1299	45352511	111
该	1300	45415334	111
详	1301	45431112	111
建	1302	51111254	111
肃	1303	51123234	112
录	1304	51124134	112
隶	1305	51124134	112
帚	1306	51145252	112
屉	1307	51312215	112
居	1308	51312251	112
届	1309	51325121	112
刷	1310	51325222	112
屈	1311	51352252	112
弧	1312	51533544	112
弥	1313	51535234	112
弦	1314	51541554	112
承	1315	52111534	113
孟	1316	52125221	113
陋	1317	52125345	113
陌	1318	52132511	113
孤	1319	52133544	113
陕	1320	52143134	113
降	1321	52354152	113
函	1322	52413452	114
限	1323	52511534	114
妹	1324	53111234	114
姑	1325	53112251	114
姐	1326	53125111	114
姓	1327	53131121	114
妮	1328	53151335	115
始	1329	53154251	115
姆	1330	53155414	115
迢	1331	53251454	115
驾	1332	53251551	115
叁	1333	54134111	116
参	1334	54134333	116
艰	1335	54511534	116
线	1336	55111534	116
练	1337	55115534	116
组	1338	55125111	116
绅	1339	55125112	116
细	1340	55125121	117
驶	1341	55125134	117
织	1342	55125134	117
驹	1343	55135251	117
终	1344	55135444	117
驻	1345	55141121	117
绊	1346	55143112	117
驼	1347	55144535	118
绍	1348	55153251	118
绎	1349	55154112	118
经	1350	55154121	118
贯	1351	55212534	118
契	1352	111253134	118
贰	1353	111253454	119
奏	1354	111341134	119
春	1355	111342511	119
帮	1356	111352252	119
玷	1357	112121251	119
珍	1358	112134333	120
玲	1359	112134454	120
珊	1360	112135351	120
玻	1361	112153254	120
毒	1362	112155414	120
型	1363	113222121	121
拭	1364	121112154	121
挂	1365	121121121	121
封	1366	121121124	121
持	1367	121121124	121
拷	1368	121121315	121
拱	1369	121122134	121
项	1370	121132534	121
垮	1371	121134115	122
挎	1372	121134115	122
城	1373	121135534	122
挟	1374	121143134	122
挠	1375	121153135	122
政	1376	121213134	122
赴	1377	121213424	122
赵	1378	121213434	122
挡	1379	121243511	123
拽	1380	121251153	123
哉	1381	121251534	123
挺	1382	121312154	123
括	1383	121312251	123
垢	1384	121331251	123
拴	1385	121341121	124
拾	1386	121341251	124
挑	1387	121341534	124
垛	1388	121351234	124
指	1389	121352511	124
垫	1390	121354121	124
挣	1391	121355112	124
挤	1392	121413432	124
拼	1393	121431132	124
挖	1394	121445345	125
按	1395	121445531	125
挥	1396	121451512	125
挪	1397	121511352	125
拯	1398	121525341	125
某	1399	122111234	125
甚	1400	122111345	125
荆	1401	122113222	126
茸	1402	122122111	126
革	1403	122125112	126
茬	1404	122132121	126
荐	1405	122132521	126
巷	1406	122134515	126
带	1407	122245252	127
草	1408	122251112	127
茧	1409	122251214	127
茵	1410	122251341	127
茶	1411	122341234	128
荒	1412	122415325	128
茫	1413	122441415	129
荡	1414	122441533	129
荣	1415	122451234	129
荤	1416	122451512	129
荧	1417	122454334	129
故	1418	122513134	129
胡	1419	122513511	130
荫	1420	122523511	130
荔	1421	122535353	130
南	1422	122543112	130
药	1423	122551354	130
标	1424	123411234	130
栈	1425	123411534	131
柑	1426	123412211	131
枯	1427	123412251	131
柄	1428	123412534	131
栋	1429	123415234	131
相	1430	123425111	131
查	1431	123425111	132
柏	1432	123432511	132
栅	1433	123435351	133
柳	1434	123435352	133
柱	1435	123441121	133
柿	1436	123441252	133
栏	1437	123443111	133
柠	1438	123444512	133
树	1439	123454124	134
勃	1440	124552153	134
要	1441	125221531	134
柬	1442	125431234	134
咸	1443	131251534	134
威	1444	131531534	134
歪	1445	132412121	135
研	1446	132511132	135
砖	1447	132511154	135
厘	1448	132511211	135
厚	1449	132511521	135
砌	1450	132511553	135
砂	1451	132512343	135
泵	1452	132512534	135
砚	1453	132512535	136
砍	1454	132513534	136
面	1455	132522111	136
耐	1456	132522124	136
耍	1457	132522531	136
牵	1458	134453112	136
鸥	1459	134535451	137
残	1460	135411534	137
殃	1461	135425134	137
轴	1462	152125121	137
轻	1463	152154121	138
鸦	1464	152335451	138
皆	1465	153532511	138
韭	1466	211121111	138
背	1467	211352511	138
战	1468	212511534	138
点	1469	212514444	139
虐	1470	215315151	139
临	1471	223142521	139
览	1472	223142535	139
竖	1473	225441431	139
省	1474	234325111	139
削	1475	243251122	139
尝	1476	243451154	139
昧	1477	251111234	139
盹	1478	251111525	140
是	1479	251112134	140
盼	1480	251113453	140
眨	1481	251113454	140
哇	1482	251121121	140
哄	1483	251122134	141
哑	1484	251122431	141
显	1485	251122431	141
冒	1486	251125111	141
映	1487	251125134	141
星	1488	251131121	141
昨	1489	251131211	141
咧	1490	251135422	142
昭	1491	251153251	142
畏	1492	251211534	143
趴	1493	251212134	143
胃	1494	251212511	143
贵	1495	251212534	143
界	1496	251213432	143
虹	1497	251214121	143
虾	1498	251214124	143
蚁	1499	251214434	144
思	1500	251214544	144
蚂	1501	251214551	144
虽	1502	251251214	144
品	1503	251251251	144
咽	1504	251251341	144
骂	1505	251251551	144
勋	1506	251253453	145
哗	1507	251323512	145
咱	1508	251325111	145
响	1509	251325251	145
哈	1510	251341251	145
哆	1511	251354354	146
咬	1512	251413434	146
咳	1513	251415334	146
咪	1514	251431234	146
哪	1515	251511352	146
哟	1516	251551354	146
炭	1517	252134334	147
峡	1518	252143134	147
罚	1519	252214522	147
贱	1520	253411534	148
贴	1521	253421251	148
贻	1522	253454251	148
骨	1523	255452511	148
幽	1524	255455452	148
钙	1525	311151215	148
钝	1526	311151525	148
钞	1527	311152343	149
钟	1528	311152512	149
钢	1529	311152534	149
钠	1530	311152534	149
钥	1531	311153511	149
钦	1532	311153534	149
钧	1533	311153541	149
钩	1534	311153554	150
钮	1535	311155211	150
卸	1536	311212152	150
缸	1537	311252121	150
拜	1538	311311112	150
看	1539	311325111	150
矩	1540	311341515	150
毡	1541	311521251	150
氢	1542	311554121	151
怎	1543	312114544	151
牲	1544	312131121	151
选	1545	312135454	151
适	1546	312251454	151
秒	1547	312342343	151
香	1548	312342511	151
种	1549	312342512	151
秋	1550	312344334	152
科	1551	312344412	152
重	1552	312511211	152
复	1553	312511354	152
竿	1554	314314112	152
段	1555	321113554	152
便	1556	321251134	152
俩	1557	321253434	153
贷	1558	321542534	153
顺	1559	322132534	153
修	1560	322354333	153
俏	1561	322432511	153
保	1562	322511234	153
促	1563	322512134	154
俄	1564	323121534	154
俐	1565	323123422	154
侮	1566	323155414	154
俭	1567	323414431	154
俗	1568	323434251	154
俘	1569	323443521	154
信	1570	324111251	154
皇	1571	325111121	154
泉	1572	325112534	154
鬼	1573	325113554	155
侵	1574	325114554	155
禹	1575	325125214	155
侯	1576	325131134	155
追	1577	325151454	155
俊	1578	325434354	155
盾	1579	331225111	155
待	1580	332121124	155
徊	1581	332252511	155
衍	1582	332441112	156
律	1583	332511112	156
很	1584	332511534	156
须	1585	333132534	156
叙	1586	341123454	156
剑	1587	341443122	156
逃	1588	341534454	157
食	1589	344511534	157
盆	1590	345325221	157
胚	1591	351113241	157
胧	1592	351113534	157
胆	1593	351125111	158
胜	1594	351131121	158
胞	1595	351135515	159
胖	1596	351143112	159
脉	1597	351145534	159
胎	1598	351154251	159
勉	1599	352513553	159
狭	1600	353143134	159
狮	1601	353231252	159
独	1602	353251214	159
狰	1603	353355112	160
狡	1604	353413434	160
狱	1605	353451344	160
狠	1606	353511534	160
贸	1607	354532534	160
怨	1608	354554544	160
急	1609	355114544	161
饵	1610	355122111	161
饶	1611	355153135	161
蚀	1612	355251214	161
饺	1613	355413434	161
饼	1614	355431132	161
峦	1615	412234252	161
弯	1616	412234515	161
将	1617	412354124	162
奖	1618	412354134	162
哀	1619	412513534	162
亭	1620	412514512	162
亮	1621	412514535	162
度	1622	413122154	162
迹	1623	413234454	162
庭	1624	413312154	162
疮	1625	413413455	163
疯	1626	413413534	163
疫	1627	413413554	163
疤	1628	413415215	163
咨	1629	413534251	163
姿	1630	413534531	163
亲	1631	414311234	163
音	1632	414312511	163
帝	1633	414345252	164
施	1634	415331525	164
闺	1635	425121121	164
闻	1636	425122111	164
闽	1637	425251214	164
阀	1638	425321534	164
阁	1639	425354251	164
差	1640	431113121	164
养	1641	431113432	165
美	1642	431121134	165
姜	1643	431121531	165
叛	1644	431133354	165
送	1645	431134454	165
类	1646	431234134	165
迷	1647	431234454	165
籽	1648	431234521	165
娄	1649	431234531	165
前	1650	431251122	165
首	1651	431325111	166
逆	1652	431523454	166
兹	1653	431554554	166
总	1654	432514544	166
炼	1655	433415534	166
炸	1656	433431211	166
烁	1657	433435234	167
炮	1658	433435515	167
炫	1659	433441554	167
烂	1660	433443111	167
剃	1661	435152322	167
洼	1662	441121121	167
洁	1663	441121251	167
洪	1664	441122134	167
洒	1665	441125351	168
柒	1666	441151234	168
浇	1667	441153135	168
浊	1668	441251214	168
洞	1669	441251251	169
测	1670	441253422	169
洗	1671	441312135	169
活	1672	441312251	169
派	1673	441333534	169
洽	1674	441341251	170
染	1675	441351234	170
洛	1676	441354251	170
浏	1677	441413422	170
济	1678	441413432	170
洋	1679	441431112	170
洲	1680	441434242	171
浑	1681	441451512	171
浓	1682	441453534	171
津	1683	441511112	171
恃	1684	442121124	171
恒	1685	442125111	171
恢	1686	442134334	172
恍	1687	442243135	172
恬	1688	442312251	172
恤	1689	442325221	172
恰	1690	442341251	172
恼	1691	442413452	172
恨	1692	442511534	173
举	1693	443134112	173
觉	1694	443452535	173
宣	1695	445125111	173
宦	1696	445125125	173
室	1697	445154121	173
宫	1698	445251251	173
宪	1699	445312135	173
突	1700	445341344	173
穿	1701	445341523	173
窃	1702	445341553	173
客	1703	445354251	174
诫	1704	451132534	174
冠	1705	451135124	174
诬	1706	451234341	174
语	1707	451251251	174
扁	1708	451325122	174
袄	1709	452343134	174
祖	1710	452425111	175
神	1711	452425112	175
祝	1712	452425135	175
祠	1713	452451251	175
误	1714	452511134	176
诱	1715	453123453	176
诲	1716	453155414	176
说	1717	454325135	176
诵	1718	455425112	176
垦	1719	511534121	176
退	1720	511534454	176
既	1721	511541535	176
屋	1722	513154121	177
昼	1723	513425111	177
屏	1724	513431132	177
屎	1725	513431234	177
费	1726	515322534	177
陡	1727	521212134	177
逊	1728	521234454	177
眉	1729	521325111	177
孩	1730	521415334	177
陨	1731	522512534	178
除	1732	523411234	178
险	1733	523414431	178
院	1734	524451135	178
娃	1735	531121121	178
姥	1736	531121335	178
姨	1737	531151534	179
姻	1738	531251341	179
娇	1739	531313432	179
姚	1740	531341534	179
娜	1741	531511352	179
怒	1742	531544544	179
架	1743	532511234	180
贺	1744	532512534	180
盈	1745	535425221	180
勇	1746	542511253	180
怠	1747	542514544	180
癸	1748	543341134	180
蚤	1749	544251214	180
柔	1750	545231234	180
垒	1751	545454121	180
绑	1752	551111352	181
绒	1753	551113534	181
结	1754	551121251	181
绕	1755	551153135	181
骄	1756	551313432	181
绘	1757	551341154	182
给	1758	551341251	182
绚	1759	551352511	182
骆	1760	551354251	182
络	1761	551354251	182
绝	1762	551355215	182
绞	1763	551413434	182
骇	1764	551415334	182
统	1765	551415435	182
耕	1766	1112341132	183
耘	1767	1112341154	183
耗	1768	1112343115	183
耙	1769	1112345215	183
艳	1770	1112355215	183
泰	1771	1113424134	183
秦	1772	1113431234	183
珠	1773	1121311234	184
班	1774	1121431121	185
素	1775	1121554234	185
匿	1776	1122132515	185
蚕	1777	1134251214	185
顽	1778	1135132534	185
盏	1779	1153425221	186
匪	1780	1211121115	186
捞	1781	1211224553	186
栽	1782	1211234534	186
捕	1783	1211251124	186
埂	1784	1211251134	186
捂	1785	1211251251	186
振	1786	1211311534	186
载	1787	1211521534	186
赶	1788	1212134112	186
起	1789	1212134515	187
盐	1790	1212425221	187
捎	1791	1212432511	187
捍	1792	1212511112	187
捏	1793	1212511121	187
埋	1794	1212511211	187
捉	1795	1212512134	187
捆	1796	1212512341	187
捐	1797	1212512511	187
损	1798	1212512534	188
袁	1799	1212513534	188
捌	1800	1212515322	188
都	1801	1213251152	188
哲	1802	1213312251	188
逝	1803	1213312454	188
捡	1804	1213414431	188
挫	1805	1213434121	188
换	1806	1213525134	189
挽	1807	1213525135	189
挚	1808	1213543112	189
热	1809	1213544444	189
恐	1810	1213544544	189
捣	1811	1213545252	189
壶	1812	1214522431	189
捅	1813	1215425112	190
埃	1814	1215431134	190
挨	1815	1215431134	190
耻	1816	1221112121	190
耿	1817	1221114334	190
耽	1818	1221114535	190
聂	1819	1221115454	190
恭	1820	1221342444	191
莽	1821	1221344132	191
莱	1822	1221431234	191
莲	1823	1221512454	191
莫	1824	1222511134	191
莉	1825	1223123422	191
荷	1826	1223212512	191
获	1827	1223531344	192
晋	1828	1224312511	192
恶	1829	1224314544	192
莹	1830	1224511214	193
莺	1831	1224535451	193
真	1832	1225111134	193
框	1833	1234111215	193
梆	1834	1234111352	193
桂	1835	1234121121	193
桔	1836	1234121251	193
栖	1837	1234125351	194
档	1838	1234243511	194
桐	1839	1234251251	194
株	1840	1234311234	194
桥	1841	1234313432	195
桦	1842	1234323512	195
栓	1843	1234341121	195
桃	1844	1234341534	195
格	1845	1234354251	195
桩	1846	1234413121	196
校	1847	1234413434	196
核	1848	1234415334	196
样	1849	1234431112	196
根	1850	1234511534	196
索	1851	1245554234	196
哥	1852	1251212512	196
速	1853	1251234454	196
逗	1854	1251431454	197
栗	1855	1252211234	197
贾	1856	1252212534	197
酌	1857	1253511354	197
配	1858	1253511515	197
翅	1859	1254541541	197
辱	1860	1311534124	197
唇	1861	1311534251	198
夏	1862	1325111354	198
砸	1863	1325112525	198
砰	1864	1325114312	198
砾	1865	1325135234	199
础	1866	1325152252	199
破	1867	1325153254	199
原	1868	1332511234	199
套	1869	1341211154	199
逐	1870	1353334454	199
烈	1871	1354224444	200
殊	1872	1354311234	200
殉	1873	1354352511	200
顾	1874	1355132534	200
轿	1875	1521313432	200
较	1876	1521413434	201
顿	1877	1525132534	201
毙	1878	1535135435	201
致	1879	1541213134	201
柴	1880	2121351234	201
桌	1881	2125111234	201
虑	1882	2153154544	202
监	1883	2231425221	202
紧	1884	2254554234	202
党	1885	2434525135	202
逞	1886	2511121454	202
晒	1887	2511125351	202
眠	1888	2511151515	202
晓	1889	2511153135	203
哮	1890	2511213521	203
唠	1891	2511224553	203
鸭	1892	2511235451	203
晃	1893	2511243135	203
哺	1894	2511251124	203
晌	1895	2511325251	204
剔	1896	2511353322	204
晕	1897	2511451512	204
蚌	1898	2512141112	205
畔	1899	2512143112	205
蚣	1900	2512143454	205
蚊	1901	2512144134	205
蚪	1902	2512144412	205
蚓	1903	2512145152	205
哨	1904	2512432511	206
哩	1905	2512511211	206
圃	1906	2512511241	206
哭	1907	2512511344	206
哦	1908	2513121534	206
恩	1909	2513414544	206
鸯	1910	2513435451	207
唤	1911	2513525134	207
唁	1912	2514111251	207
哼	1913	2514125152	207
唧	1914	2515115452	207
啊	1915	2515212512	207
唉	1916	2515431134	207
唆	1917	2515434354	207
罢	1918	2522112154	208
峭	1919	2522432511	208
峨	1920	2523121534	208
峰	1921	2523541112	208
圆	1922	2525125341	208
峻	1923	2525434354	208
贼	1924	2534113534	208
贿	1925	2534132511	209
赂	1926	2534354251	209
赃	1927	2534413121	209
钱	1928	3111511534	209
钳	1929	3111512211	209
钻	1930	3111521251	210
钾	1931	3111525112	210
铁	1932	3111531134	210
铃	1933	3111534454	210
铅	1934	3111535251	210
缺	1935	3112525134	211
氧	1936	3115431112	212
氨	1937	3115445531	212
特	1938	3121121124	212
牺	1939	3121125351	212
造	1940	3121251454	212
乘	1941	3122113534	212
敌	1942	3122513134	212
秤	1943	3123414312	213
租	1944	3123425111	213
积	1945	3123425134	213
秧	1946	3123425134	213
秩	1947	3123431134	213
称	1948	3123435234	213
秘	1949	3123445434	213
透	1950	3123453454	213
笔	1951	3143143115	213
笑	1952	3143143134	213
笋	1953	3143145113	214
债	1954	3211212534	214
借	1955	3212212511	214
值	1956	3212251111	214
倚	1957	3213412512	214
俺	1958	3213425115	215
倾	1959	3215132534	215
倒	1960	3215412122	215
倘	1961	3224325251	215
俱	1962	3225111134	215
倡	1963	3225112511	215
候	1964	3225131134	215
赁	1965	3231212534	216
俯	1966	3241332124	216
倍	1967	3241431251	216
倦	1968	3243113455	216
健	1969	3251111254	217
臭	1970	3251111344	217
射	1971	3251113124	217
躬	1972	3251113515	217
息	1973	3251114544	217
倔	1974	3251352252	217
徒	1975	3321212134	218
徐	1976	3323411234	218
殷	1977	3351153554	218
舰	1978	3354142535	218
舱	1979	3354143455	218
般	1980	3354143554	218
航	1981	3354144135	218
途	1982	3411234454	219
拿	1983	3412513112	219
耸	1984	3434122111	219
爹	1985	3434354354	219
舀	1986	3443321511	219
爱	1987	3443451354	219
豺	1988	3443533123	219
豹	1989	3443533354	219
颁	1990	3453132534	220
颂	1991	3454132534	220
翁	1992	3454541541	220
胰	1993	3511151534	220
脆	1994	3511351355	220
脂	1995	3511352511	220
胸	1996	3511353452	221
胳	1997	3511354251	221
脏	1998	3511413121	221
脐	1999	3511413432	221
胶	2000	3511413434	221
脑	2001	3511413452	221
脓	2002	3511453534	221
逛	2003	3531121454	222
狸	2004	3532511211	222
狼	2005	3534511534	222
卿	2006	3535115452	222
逢	2007	3541112454	223
鸵	2008	3545144535	223
留	2009	3545325121	223
鸳	2010	3545535451	223
皱	2011	3551153254	223
饿	2012	3553121534	223
馁	2013	3553443531	223
凌	2014	4112134354	224
凄	2015	4115112531	224
恋	2016	4122344544	224
桨	2017	4123541234	224
浆	2018	4123542534	224
衰	2019	4125113534	224
衷	2020	4125123534	224
高	2021	4125125251	224
郭	2022	4125152152	224
席	2023	4131221252	225
准	2024	4132411121	225
座	2025	4133434121	225
症	2026	4134112121	225
病	2027	4134112534	225
疾	2028	4134131134	225
斋	2029	4134132522	225
疹	2030	4134134333	225
疼	2031	4134135444	226
疲	2032	4134153254	226
脊	2033	4134342511	226
效	2034	4134343134	226
离	2035	4134522554	226
紊	2036	4134554234	226
唐	2037	4135112251	226
瓷	2038	4135341554	227
资	2039	4135342534	227
凉	2040	4141251234	227
站	2041	4143121251	227
剖	2042	4143125122	227
竞	2043	4143125135	227
部	2044	4143125152	227
旁	2045	4143454153	227
旅	2046	4153313534	227
畜	2047	4155425121	228
阅	2048	4254325135	228
羞	2049	4311135211	228
羔	2050	4311214444	228
瓶	2051	4311321554	228
拳	2052	4311343112	229
粉	2053	4312343453	229
料	2054	4312344412	229
益	2055	4313425221	229
兼	2056	4315112234	229
烤	2057	4334121315	229
烘	2058	4334122134	229
烦	2059	4334132534	229
烧	2060	4334153135	230
烛	2061	4334251214	230
烟	2062	4334251341	230
烙	2063	4334354251	230
递	2064	4351523454	231
涛	2065	4411113124	231
浙	2066	4411213312	231
涝	2067	4411224553	231
浦	2068	4411251124	231
酒	2069	4411253511	231
涉	2070	4412121233	231
消	2071	4412432511	232
涡	2072	4412512534	232
浩	2073	4413121251	232
海	2074	4413155414	233
涂	2075	4413411234	233
浴	2076	4413434251	233
浮	2077	4413443521	233
涣	2078	4413525134	233
涤	2079	4413541234	233
流	2080	4414154325	233
润	2081	4414251121	234
涧	2082	4414252511	234
涕	2083	4414351523	234
浪	2084	4414511534	234
浸	2085	4415114554	234
涨	2086	4415153154	234
烫	2087	4415334334	234
涩	2088	4415342121	234
涌	2089	4415425112	234
悖	2090	4421245521	234
悟	2091	4421251251	235
悄	2092	4422432511	235
悍	2093	4422511112	235
悔	2094	4423155414	235
悯	2095	4424254134	235
悦	2096	4424325135	235
害	2097	4451112251	236
宽	2098	4451222535	236
家	2099	4451353334	236
宵	2100	4452432511	236
宴	2101	4452511531	236
宾	2102	4453212134	236
窍	2103	4453412115	236
窄	2104	4453431211	236
容	2105	4453434251	236
宰	2106	4454143112	237
案	2107	4455311234	237
请	2108	4511212511	237
朗	2109	4511543511	237
诸	2110	4512132511	237
诺	2111	4512213251	237
读	2112	4512544134	237
扇	2113	4513541541	238
诽	2114	4521112111	238
袜	2115	4523411234	238
袖	2116	4523425121	238
袍	2117	4523435515	238
被	2118	4523453254	238
祥	2119	4524431112	239
课	2120	4525111234	239
冥	2121	4525114134	239
谁	2122	4532411121	239
调	2123	4535121251	239
冤	2124	4535251354	239
谅	2125	4541251234	239
谆	2126	4541251521	239
谈	2127	4543344334	240
谊	2128	4544525111	240
剥	2129	5112413422	240
恳	2130	5115344544	240
展	2131	5131221534	240
剧	2132	5131225122	240
屑	2133	5132432511	240
弱	2134	5154151541	240
陵	2135	5212134354	240
祟	2136	5225211234	241
陶	2137	5235311252	241
陷	2138	5235321511	241
陪	2139	5241431251	241
娱	2140	5312511134	242
娟	2141	5312512511	242
恕	2142	5312514544	242
娥	2143	5313121534	242
娘	2144	5314511534	242
通	2145	5425112454	243
能	2146	5425113535	243
难	2147	5432411121	243
预	2148	5452132534	243
桑	2149	5454541234	243
绢	2150	5512512511	244
绣	2151	5513123453	244
验	2152	5513414431	244
继	2153	5514312345	244
骏	2154	5515434354	245
球	2155	11211241344	245
琐	2156	11212432534	245
理	2157	11212511211	246
琉	2158	11214154325	246
琅	2159	11214511534	246
捧	2160	12111134112	246
堵	2161	12112132511	246
措	2162	12112212511	247
描	2163	12112225121	247
域	2164	12112511534	247
捺	2165	12113411234	247
掩	2166	12113425115	247
捷	2167	12115112134	247
排	2168	12121112111	247
焉	2169	12121154444	248
掉	2170	12121251112	248
捶	2171	12131212211	248
赦	2172	12132343134	248
堆	2173	12132411121	248
推	2174	12132411121	248
埠	2175	12132515112	249
掀	2176	12133123534	249
授	2177	12134434554	249
捻	2178	12134454544	249
教	2179	12135213134	249
掏	2180	12135311252	249
掐	2181	12135321511	249
掠	2182	12141251234	250
掂	2183	12141321251	250
培	2184	12141431251	250
接	2185	12141431531	250
掷	2186	12143113452	250
控	2187	12144534121	251
探	2188	12145341234	251
据	2189	12151312251	251
掘	2190	12151352252	251
掺	2191	12154134333	251
职	2192	12211125134	252
基	2193	12211134121	252
聆	2194	12211134454	252
勘	2195	12211134553	252
聊	2196	12211135352	252
娶	2197	12211154531	252
著	2198	12212132511	252
菱	2199	12212134354	252
勒	2200	12212511253	253
黄	2201	12212512134	253
菲	2202	12221112111	253
萌	2203	12225113511	254
萝	2204	12225221354	254
菌	2205	12225312341	254
萎	2206	12231234531	254
菜	2207	12234431234	254
萄	2208	12235311252	255
菊	2209	12235431234	255
菩	2210	12241431251	255
萍	2211	12244114312	255
菠	2212	12244153254	255
萤	2213	12245251214	256
营	2214	12245251251	256
乾	2215	12251112315	256
萧	2216	12251123234	256
萨	2217	12252414313	256
菇	2218	12253112251	256
械	2219	12341132534	256
彬	2220	12341234333	257
梦	2221	12341234354	257
婪	2222	12341234531	257
梗	2223	12341251134	257
梧	2224	12341251251	257
梢	2225	12342432511	257
梅	2226	12343155414	258
检	2227	12343414431	258
梳	2228	12344154325	258
梯	2229	12344351523	258
桶	2230	12345425112	258
梭	2231	12345434354	259
救	2232	12413443134	259
曹	2233	12512212511	259
副	2234	12512512122	259
票	2235	12522111234	259
酝	2236	12535111154	259
酗	2237	12535113452	260
厢	2238	13123425111	260
戚	2239	13211234534	260
硅	2240	13251121121	260
硕	2241	13251132534	260
奢	2242	13412132511	261
盔	2243	13433425221	261
爽	2244	13434343434	262
聋	2245	13534122111	262
袭	2246	13534413534	262
盛	2247	13553425221	262
匾	2248	14513251225	262
雪	2249	14524444511	262
辅	2250	15211251124	263
辆	2251	15211253434	263
颅	2252	21513132534	263
虚	2253	21531522431	263
彪	2254	21531535333	263
雀	2255	23432411121	263
堂	2256	24345251121	263
常	2257	24345251252	263
眶	2258	25111111215	263
匙	2259	25111213435	264
晨	2260	25111311534	264
睁	2261	25111355112	264
眯	2262	25111431234	264
眼	2263	25111511534	264
悬	2264	25111544544	264
野	2265	25112115452	265
啪	2266	25112132511	265
啦	2267	25112141431	265
曼	2268	25112522154	265
晦	2269	25113155414	265
晚	2270	25113525135	266
啄	2271	25113533434	266
啡	2272	25121112111	266
距	2273	25121211515	267
趾	2274	25121212121	267
啃	2275	25121212511	267
跃	2276	25121213134	267
略	2277	25121354251	267
蚯	2278	25121432121	268
蛀	2279	25121441121	268
蛇	2280	25121444535	268
唬	2281	25121531535	268
累	2282	25121554234	268
鄂	2283	25125111552	268
唱	2284	25125112511	269
患	2285	25125124544	269
啰	2286	25125221354	269
唾	2287	25131212211	269
唯	2288	25132411121	269
啤	2289	25132511312	269
啥	2290	25134112251	269
啸	2291	25151123234	270
崖	2292	25213121121	270
崎	2293	25213412512	270
崭	2294	25215213312	271
逻	2295	25221354454	271
崔	2296	25232411121	271
帷	2297	25232411121	271
崩	2298	25235113511	271
崇	2299	25244511234	271
崛	2300	25251352252	272
婴	2301	25342534531	272
圈	2302	25431134551	272
铐	2303	31115121315	272
铛	2304	31115243511	273
铝	2305	31115251251	273
铜	2306	31115251251	273
铭	2307	31115354251	274
铲	2308	31115414313	275
银	2309	31115511534	275
矫	2310	31134313432	275
甜	2311	31225112211	275
秸	2312	31234121251	276
梨	2313	31234221234	276
犁	2314	31234223112	276
秽	2315	31234252354	276
移	2316	31234354354	276
笨	2317	31431412341	276
笼	2318	31431413534	276
笛	2319	31431425121	277
笙	2320	31431431121	277
符	2321	31431432124	277
第	2322	31431451523	277
敏	2323	31554143134	277
做	2324	32122513134	278
袋	2325	32154413534	278
悠	2326	32231344544	278
偿	2327	32243451154	278
偶	2328	32251125214	278
偎	2329	32251211534	278
偷	2330	32341251122	279
您	2331	32352344544	279
售	2332	32411121251	279
停	2333	32412514512	279
偏	2334	32451325122	279
躯	2335	32511131345	279
兜	2336	32511355135	279
假	2337	32512115154	280
衅	2338	32522143112	280
徘	2339	33221112111	280
徙	2340	33221212134	280
得	2341	33225111124	280
衔	2342	33231115112	280
盘	2343	33541425221	281
舶	2344	33541432511	281
船	2345	33541435251	281
舵	2346	33541444535	281
斜	2347	34112344412	281
盒	2348	34125125221	282
鸽	2349	34125135451	282
敛	2350	34144313134	282
悉	2351	34312344544	282
欲	2352	34342513534	282
彩	2353	34431234333	282
领	2354	34454132534	282
脚	2355	35111215452	282
脖	2356	35111245521	282
脯	2357	35111251124	282
豚	2358	35111353334	282
脸	2359	35113414431	283
脱	2360	35114325135	283
象	2361	35251353334	283
够	2362	35251354354	283
逸	2363	35251354454	283
猜	2364	35311212511	284
猪	2365	35312132511	284
猎	2366	35312212511	284
猫	2367	35312225121	284
凰	2368	35325111121	284
猖	2369	35325112511	284
猛	2370	35352125221	285
祭	2371	35445411234	285
馅	2372	35535321511	285
馆	2373	35544525151	285
凑	2374	41111341134	285
减	2375	41131251534	285
毫	2376	41251453115	285
烹	2377	41251524444	286
庶	2378	41312214444	286
麻	2379	41312341234	286
庵	2380	41313425115	286
痊	2381	41341341121	287
痒	2382	41341431112	287
痕	2383	41341511534	287
廊	2384	41345115452	287
康	2385	41351124134	287
庸	2386	41351125112	287
鹿	2387	41352211535	287
盗	2388	41353425221	287
章	2389	41431251112	287
竟	2390	41431251135	287
商	2391	41432534251	287
族	2392	41533131134	288
旋	2393	41533152134	288
望	2394	41535111121	288
率	2395	41554413412	288
阎	2396	42535321511	289
阐	2397	42543251112	289
着	2398	43111325111	289
羚	2399	43111334454	289
盖	2400	43112125221	289
眷	2401	43113425111	289
粘	2402	43123421251	289
粗	2403	43123425111	289
粒	2404	43123441431	290
断	2405	43123453312	290
剪	2406	43125112253	290
兽	2407	43251211251	290
焊	2408	43342511112	290
焕	2409	43343525134	290
清	2410	44111212511	291
添	2411	44111342444	291
鸿	2412	44112135451	291
淋	2413	44112341234	291
涯	2414	44113121121	292
淹	2415	44113425115	292
渠	2416	44115151234	292
渐	2417	44115213312	292
淑	2418	44121123454	292
淌	2419	44124325251	292
混	2420	44125111535	292
淮	2421	44132411121	293
淆	2422	44134132511	293
渊	2423	44134312342	293
淫	2424	44134433121	293
渔	2425	44135251211	293
淘	2426	44135311252	293
淳	2427	44141251521	293
液	2428	44141323544	293
淤	2429	44141533444	294
淡	2430	44143344334	294
淀	2431	44144512134	294
深	2432	44145341234	294
涮	2433	44151325222	294
涵	2434	44152413452	294
婆	2435	44153254531	295
梁	2436	44153441234	295
渗	2437	44154134333	295
情	2438	44211212511	295
惜	2439	44212212511	295
惭	2440	44215213312	295
悼	2441	44221251112	295
惧	2442	44225111134	296
惕	2443	44225113533	296
惟	2444	44232411121	296
惊	2445	44241251234	296
惦	2446	44241321251	296
悴	2447	44241343412	296
惋	2448	44244535455	297
惨	2449	44254134333	297
惯	2450	44255212534	297
寇	2451	44511352154	297
寅	2452	44512512134	297
寄	2453	44513412512	297
寂	2454	44521123454	297
宿	2455	44532132511	297
窒	2456	44534154121	297
窑	2457	44534311252	297
密	2458	44545434252	298
谋	2459	45122111234	298
谍	2460	45122151234	298
谎	2461	45122415325	298
谐	2462	45153532511	298
袱	2463	45234321344	299
祷	2464	45241113124	299
祸	2465	45242512534	299
谓	2466	45251212511	299
谚	2467	45414313333	300
谜	2468	45431234454	300
逮	2469	51124134454	300
敢	2470	51221113134	300
尉	2471	51311234124	300
屠	2472	51312132511	300
弹	2473	51543251112	301
隋	2474	52131212511	301
堕	2475	52132511121	301
随	2476	52132511454	301
蛋	2477	52134251214	301
隅	2478	52251125214	301
隆	2479	52354131121	302
隐	2480	52355114544	302
婚	2481	53135152511	303
婶	2482	53144525112	303
婉	2483	53144535455	303
颇	2484	53254132534	303
颈	2485	54121132534	303
绩	2486	55111212534	304
绪	2487	55112132511	304
续	2488	55112544134	304
骑	2489	55113412512	304
绰	2490	55121251112	304
绳	2491	55125125115	305
维	2492	55132411121	305
绵	2493	55132511252	305
绷	2494	55135113511	305
绸	2495	55135121251	305
综	2496	55144511234	306
绽	2497	55144512134	306
绿	2498	55151124134	306
缀	2499	55154545454	306
巢	2500	55525111234	306
琴	2501	112111213445	307
琳	2502	112112341234	307
琢	2503	112113533434	307
琼	2504	112141251234	308
斑	2505	112141341121	308
替	2506	113411342511	308
揍	2507	121111341134	309
款	2508	121112343534	309
堪	2509	121122111345	309
塔	2510	121122341251	309
搭	2511	121122341251	309
堰	2512	121125115315	309
揩	2513	121153532511	310
越	2514	121213415534	310
趁	2515	121213434333	310
趋	2516	121213435511	310
超	2517	121213453251	310
揽	2518	121223142535	310
堤	2519	121251112134	310
提	2520	121251112134	310
博	2521	121251124124	311
揭	2522	121251135345	311
喜	2523	121251431251	311
彭	2524	121251431333	311
揣	2525	121252132522	311
插	2526	121312321511	311
揪	2527	121312344334	311
搜	2528	121321511254	311
煮	2529	121325114444	312
援	2530	121344311354	312
搀	2531	121352513544	312
裁	2532	121413534534	312
搁	2533	121425354251	312
搓	2534	121431113121	312
搂	2535	121431234531	313
搅	2536	121443452535	313
壹	2537	121451251431	313
握	2538	121513154121	313
搔	2539	121544251214	313
揉	2540	121545231234	313
斯	2541	122111343312	313
期	2542	122111343511	313
欺	2543	122111343534	314
联	2544	122111431134	314
葫	2545	122122513511	314
散	2546	122125113134	314
惹	2547	122132514544	315
葬	2548	122135435132	315
募	2549	122251113453	315
葛	2550	122251135345	315
董	2551	122312511211	315
葡	2552	122351251124	316
敬	2553	122352513134	316
葱	2554	122353344544	316
蒋	2555	122412354124	316
蒂	2556	122414345252	316
落	2557	122441354251	317
韩	2558	122511121152	317
朝	2559	122511123511	317
辜	2560	122514143112	317
葵	2561	122543341134	317
棒	2562	123411134112	317
棱	2563	123412134354	317
棋	2564	123412211134	318
椰	2565	123412211152	318
植	2566	123412251111	318
森	2567	123412341234	318
焚	2568	123412344334	318
椅	2569	123413412512	318
椒	2570	123421123454	318
棵	2571	123425111234	319
棍	2572	123425111535	319
椎	2573	123432411121	319
棉	2574	123432511252	319
棚	2575	123435113511	319
棕	2576	123444511234	320
棺	2577	123444525151	320
榔	2578	123445115452	320
椭	2579	123452132511	320
惠	2580	125112144544	320
惑	2581	125115344544	321
逼	2582	125125121454	321
粟	2583	125221431234	321
棘	2584	125234125234	321
酣	2585	125351112211	321
酥	2586	125351131234	321
厨	2587	131251431124	322
厦	2588	131325111354	322
硬	2589	132511251134	322
硝	2590	132512432511	322
确	2591	132513535112	322
硫	2592	132514154325	322
雁	2593	133232411121	322
殖	2594	135412251111	323
裂	2595	135422413534	323
雄	2596	135432411121	323
颊	2597	143134132534	323
雳	2598	145244441353	323
暂	2599	152133122511	323
雅	2600	152332411121	324
翘	2601	153135541541	324
辈	2602	211121111512	324
悲	2603	211121114544	324
紫	2604	212135554234	324
凿	2605	224314311252	324
辉	2606	243135451512	325
敞	2607	243252513134	325
棠	2608	243452511234	325
赏	2609	243452512534	325
掌	2610	243452513112	325
晴	2611	251111212511	325
睐	2612	251111431234	325
暑	2613	251112132511	325
最	2614	251112211154	325
晰	2615	251112343312	325
量	2616	251112511211	325
鼎	2617	251115132125	326
喷	2618	251121222534	326
喳	2619	251123425111	326
晶	2620	251125112511	326
喇	2621	251125123422	326
遇	2622	251125214454	327
喊	2623	251131251534	327
遏	2624	251135345454	327
晾	2625	251141251234	327
景	2626	251141251234	327
畴	2627	251211113124	327
践	2628	251212111534	327
跋	2629	251212113544	327
跌	2630	251212131134	328
跑	2631	251212135515	328
跛	2632	251212153254	328
遗	2633	251212534454	328
蛙	2634	251214121121	328
蛛	2635	251214311234	329
蜓	2636	251214312154	329
蜒	2637	251214321554	329
蛤	2638	251214341251	329
喝	2639	251251135345	330
鹃	2640	251251135451	330
喂	2641	251251211534	330
喘	2642	251252132522	330
喉	2643	251325131134	330
喻	2644	251341251122	330
啼	2645	251414345252	330
喧	2646	251445125111	331
嵌	2647	252122113534	331
幅	2648	252125125121	331
帽	2649	252251125111	332
赋	2650	253411212154	333
赌	2651	253412132511	333
赎	2652	253412544134	333
赐	2653	253425113533	333
赔	2654	253441431251	334
黑	2655	254312114444	334
铸	2656	311151113124	334
铺	2657	311151251124	334
链	2658	311151512454	334
销	2659	311152432511	335
锁	2660	311152432534	335
锄	2661	311152511153	335
锅	2662	311152512534	335
锈	2663	311153123453	335
锋	2664	311153541112	335
锌	2665	311154143112	335
锐	2666	311154325135	336
甥	2667	311212512153	336
掰	2668	311334533112	336
短	2669	311341251431	337
智	2670	311342512511	337
氮	2671	311543344334	337
毯	2672	311543344334	337
氯	2673	311551124134	337
鹅	2674	312153435451	338
剩	2675	312211353422	338
稍	2676	312342432511	338
程	2677	312342511121	338
稀	2678	312343413252	338
税	2679	312344325135	338
筐	2680	314314111215	338
等	2681	314314121124	339
筑	2682	314314121354	339
策	2683	314314125234	339
筛	2684	314314231252	339
筒	2685	314314251251	339
筏	2686	314314321534	339
答	2687	314314341251	339
筋	2688	314314351153	340
筝	2689	314314355112	340
傲	2690	321121533134	340
傅	2691	321251124124	340
牌	2692	321532511312	340
堡	2693	322511234121	340
集	2694	324111211234	341
焦	2695	324111214444	341
傍	2696	324143454153	341
储	2697	324512132511	341
皓	2698	325113121251	341
皖	2699	325114451135	341
粤	2700	325431234115	341
奥	2701	325431234134	341
街	2702	332121121112	342
惩	2703	332121214544	342
御	2704	332311212152	342
循	2705	332331225111	342
艇	2706	335414312154	342
舒	2707	341122515452	342
逾	2708	341251122454	342
番	2709	343123425121	343
释	2710	343123454112	343
禽	2711	344134522554	343
腊	2712	351112212511	343
脾	2713	351132511312	344
腋	2714	351141323544	344
腔	2715	351144534121	344
腕	2716	351144535455	344
鲁	2717	352512112511	345
猩	2718	353251131121	345
猬	2719	353251212511	345
猾	2720	353255452511	346
猴	2721	353325131134	346
惫	2722	354251214544	346
然	2723	354413444444	346
馈	2724	355251212534	346
馋	2725	355352513544	347
装	2726	412121413534	347
蛮	2727	412234251214	347
就	2728	412512341354	347
敦	2729	412515213134	347
斌	2730	413411212154	348
痘	2731	413411251431	348
痢	2732	413413123422	348
痪	2733	413413525134	348
痛	2734	413415425112	348
童	2735	414312511211	349
竣	2736	414315434354	349
阔	2737	425441312251	349
善	2738	431112431251	350
翔	2739	431113541541	350
羡	2740	431121413534	350
普	2741	431224312511	350
粪	2742	431234122134	350
尊	2743	431253511124	350
奠	2744	431253511134	350
道	2745	431325111454	350
遂	2746	431353334454	350
曾	2747	432524312511	350
焰	2748	433435321511	351
港	2749	441122134515	351
滞	2750	441122245252	351
湖	2751	441122513511	352
湘	2752	441123425111	352
渣	2753	441123425111	352
渤	2754	441124552153	352
渺	2755	441251112343	352
湿	2756	441251122431	352
温	2757	441251125221	352
渴	2758	441251135345	352
溃	2759	441251212534	353
溅	2760	441253411534	353
滑	2761	441255452511	353
湃	2762	441311311112	353
渝	2763	441341251122	353
湾	2764	441412234515	354
渡	2765	441413122154	354
游	2766	441415331521	354
滋	2767	441431554554	354
渲	2768	441445125111	354
溉	2769	441511541535	354
愤	2770	442121222534	355
慌	2771	442122415325	355
惰	2772	442131212511	355
愕	2773	442251251115	355
愣	2774	442252214153	356
惶	2775	442325111121	356
愧	2776	442325113554	356
愉	2777	442341251122	356
慨	2778	442511541535	356
割	2779	445111225122	356
寒	2780	445112213444	356
富	2781	445125125121	356
寓	2782	445251125214	357
窜	2783	445342512512	357
窝	2784	445342512534	357
窖	2785	445343121251	357
窗	2786	445343253541	357
窘	2787	445345113251	357
遍	2788	451325122454	357
雇	2789	451332411121	357
裕	2790	452343434251	358
裤	2791	452344131512	358
裙	2792	452345113251	358
禅	2793	452443251112	358
禄	2794	452451124134	358
谢	2795	453251113124	359
谣	2796	453443311252	359
谤	2797	454143454153	359
谦	2798	454315112234	359
犀	2799	513241343112	359
属	2800	513325125214	359
屡	2801	513431234531	359
强	2802	515251251214	359
粥	2803	515431234515	360
疏	2804	521214154325	360
隔	2805	521251254312	360
隙	2806	522342511234	360
隘	2807	524313425221	360
媒	2808	531122111234	360
絮	2809	531251554234	360
嫂	2810	531321511254	361
媚	2811	531521325111	361
婿	2812	531521342511	361
登	2813	543341251431	361
缅	2814	551132522111	362
缆	2815	551223142535	362
缉	2816	551251122111	362
缎	2817	551321113554	363
缓	2818	551344311354	363
缔	2819	551414345252	363
缕	2820	551431234531	363
骗	2821	551451325122	363
编	2822	551451325122	363
骚	2823	551544251214	363
缘	2824	551551353334	363
瑟	2825	1121112145434	364
鹉	2826	1121215435451	364
瑞	2827	1121252132522	364
瑰	2828	1121325113554	365
瑙	2829	1121555325341	366
魂	2830	1154325113554	366
肆	2831	1211154511112	366
摄	2832	1211221115454	366
摸	2833	1211222511134	366
填	2834	1211225111134	366
搏	2835	1211251124124	366
塌	2836	1212511541541	367
鼓	2837	1212514311254	367
摆	2838	1212522112154	367
携	2839	1213241112153	367
搬	2840	1213354143554	367
摇	2841	1213443311252	367
搞	2842	1214125125251	368
塘	2843	1214135112251	368
摊	2844	1215432411121	369
聘	2845	1221112512115	369
斟	2846	1221113454412	369
蒜	2847	1221123411234	369
勤	2848	1221251112153	369
靴	2849	1221251123235	369
靶	2850	1221251125215	369
鹊	2851	1221251135451	370
蓝	2852	1222231425221	370
墓	2853	1222511134121	370
幕	2854	1222511134252	370
蓬	2855	1223541112454	371
蓄	2856	1224155425121	371
蒲	2857	1224411251124	371
蓉	2858	1224453434251	372
蒙	2859	1224511353334	372
蒸	2860	1225253414444	372
献	2861	1225431121344	372
椿	2862	1234111342511	372
禁	2863	1234123411234	373
楚	2864	1234123452134	373
楷	2865	1234153532511	373
榄	2866	1234223142535	373
想	2867	1234251114544	373
槐	2868	1234325113554	374
榆	2869	1234341251122	374
楼	2870	1234431234531	374
概	2871	1234511541535	375
赖	2872	1251234352534	375
酪	2873	1253511354251	376
酬	2874	1253511434242	376
感	2875	1312515344544	376
碍	2876	1325125111124	376
碘	2877	1325125122134	376
碑	2878	1325132511312	376
碎	2879	1325141343412	377
碰	2880	1325143122431	377
碗	2881	1325144535455	377
碌	2882	1325151124134	377
尴	2883	1352231425221	377
雷	2884	1452444425121	378
零	2885	1452444434454	378
雾	2886	1452444435453	378
雹	2887	1452444435515	378
辐	2888	1521125125121	378
辑	2889	1521251122111	378
输	2890	1521341251122	378
督	2891	2112345425111	378
频	2892	2121233132534	378
龄	2893	2121345234454	379
鉴	2894	2231434112431	379
睛	2895	2511111212511	379
睹	2896	2511112132511	379
睦	2897	2511112134121	379
瞄	2898	2511112225121	379
睫	2899	2511115112134	380
睡	2900	2511131212211	380
睬	2901	2511134431234	380
嗜	2902	2511213352511	381
鄙	2903	2511225251152	381
嗦	2904	2511245554234	381
愚	2905	2511252144544	381
暖	2906	2511344311354	381
盟	2907	2511351125221	382
歇	2908	2511353453534	382
暗	2909	2511414312511	382
暇	2910	2511512115154	382
照	2911	2511532514444	382
畸	2912	2512113412512	382
跨	2913	2512121134115	382
跷	2914	2512121153135	383
跳	2915	2512121341534	383
跺	2916	2512121351234	383
跪	2917	2512121351355	383
路	2918	2512121354251	383
跤	2919	2512121413434	383
跟	2920	2512121511534	383
遣	2921	2512125151454	383
蜈	2922	2512142511134	384
蜗	2923	2512142512534	384
蛾	2924	2512143121534	384
蜂	2925	2512143541112	384
蜕	2926	2512144325135	384
嗅	2927	2513251111344	385
嗡	2928	2513454541541	385
嗓	2929	2515454541234	385
署	2930	2522112132511	386
置	2931	2522112251111	386
罪	2932	2522121112111	386
罩	2933	2522121251112	386
蜀	2934	2522135251214	386
幌	2935	2522511243135	386
错	2936	3111512212511	387
锚	2937	3111512225121	387
锡	2938	3111525113533	387
锣	2939	3111525221354	388
锤	2940	3111531212211	388
锥	2941	3111532411121	388
锦	2942	3111532511252	388
键	2943	3111551111254	388
锯	2944	3111551312251	389
锰	2945	3111552125221	389
矮	2946	3113431234531	389
辞	2947	3122514143112	389
稚	2948	3123432411121	389
稠	2949	3123435121251	390
颓	2950	3123435132534	390
愁	2951	3123443344544	390
筹	2952	3143141113124	390
签	2953	3143143414431	391
简	2954	3143144252511	391
筷	2955	3143144425134	391
毁	2956	3215111213554	391
舅	2957	3215112512153	391
鼠	2958	3215115445445	391
催	2959	3225232411121	391
傻	2960	3232534134354	391
像	2961	3235251353334	391
躲	2962	3251113351234	392
魁	2963	3251135544412	392
衙	2964	3321251251112	392
微	2965	3322521353134	392
愈	2966	3412511224544	393
遥	2967	3443311252454	393
腻	2968	3511111253454	393
腰	2969	3511125221531	393
腥	2970	3511251131121	394
腮	2971	3511251214544	394
腹	2972	3511312511354	394
腺	2973	3511325112534	394
鹏	2974	3511351135451	394
腾	2975	3511431134551	394
腿	2976	3511511534454	395
鲍	2977	3525121135515	395
猿	2978	3531212513534	396
颖	2979	3531234132534	396
触	2980	3535112251214	396
解	2981	3535112533112	397
煞	2982	3551131344444	397
雏	2983	3551132411121	397
馍	2984	3551222511134	397
馏	2985	3553545325121	397
酱	2986	4123541253511	397
禀	2987	4125251111234	397
痹	2988	4134125121132	398
廓	2989	4134125152152	398
痴	2990	4134131134251	398
痰	2991	4134143344334	398
廉	2992	4134315112234	398
靖	2993	4143111212511	399
新	2994	4143112343312	399
韵	2995	4143125113541	399
意	2996	4143125114544	399
誊	2997	4311344111251	400
粮	2998	4312344511534	400
数	2999	4312345313134	400
煎	3000	4312511224444	400
塑	3001	4315233511121	400
慈	3002	4315545544544	401
煤	3003	4334122111234	401
煌	3004	4334325111121	401
满	3005	4411221253434	402
漠	3006	4411222511134	402
滇	3007	4411225111134	402
源	3008	4411332511234	403
滤	3009	4412153154544	403
滥	3010	4412231425221	403
滔	3011	4413443321511	404
溪	3012	4413443554134	404
溜	3013	4413545325121	404
漓	3014	4414134522554	404
滚	3015	4414134543534	404
溢	3016	4414313425221	404
溯	3017	4414315233511	405
滨	3018	4414453212134	405
溶	3019	4414453434251	405
溺	3020	4415154151541	405
粱	3021	4415344431234	405
滩	3022	4415432411121	405
慎	3023	4421225111134	406
誉	3024	4431344111251	406
塞	3025	4451122134121	406
寞	3026	4451222511134	406
窥	3027	4453411342535	406
窟	3028	4453451352252	406
寝	3029	4454125114554	407
谨	3030	4512212511121	407
褂	3031	4523412112124	407
裸	3032	4523425111234	407
福	3033	4524125125121	407
谬	3034	4554154134333	408
群	3035	5113251431112	408
殿	3036	5131221343554	408
辟	3037	5132514143112	408
障	3038	5241431251112	409
媳	3039	5313251114544	409
嫉	3040	5314134131134	409
嫌	3041	5314315112234	409
嫁	3042	5314451353334	409
叠	3043	5454544525111	410
缚	3044	5511251124124	410
缝	3045	5513541112454	410
缠	3046	5514132511211	411
缤	3047	5514453212134	411
剿	3048	5552511123422	411
静	3049	11212511355112	412
碧	3050	11213251113251	412
璃	3051	11214134522554	412
赘	3052	11215331342534	412
熬	3053	11215331344444	412
墙	3054	12112431252511	413
墟	3055	12121531522431	413
嘉	3056	12125143153251	414
摧	3057	12125232411121	414
赫	3058	12132341213234	414
截	3059	12132411121534	414
誓	3060	12133124111251	414
境	3061	12141431251135	414
摘	3062	12141432512251	415
摔	3063	12141554413412	415
撇	3064	12143252343134	415
聚	3065	12211154323334	415
慕	3066	12225111342444	416
暮	3067	12225111342511	416
摹	3068	12225111343112	416
蔓	3069	12225112522154	416
蔑	3070	12225221134534	416
蔡	3071	12235445411234	417
蔗	3072	12241312214444	417
蔽	3073	12243252343134	417
蔼	3074	12245251135345	417
熙	3075	12251255154444	417
蔚	3076	12251311234124	418
兢	3077	12251351225135	418
模	3078	12341222511134	418
槛	3079	12342231425221	418
榴	3080	12343545325121	419
榜	3081	12344143454153	419
榨	3082	12344453431211	419
榕	3083	12344453434251	419
歌	3084	12512125123534	420
遭	3085	12512212511454	420
酵	3086	12535111213521	420
酷	3087	12535113121251	420
酿	3088	12535114511534	421
酸	3089	12535115434354	421
碟	3090	13251122151234	421
碱	3091	13251131251534	421
碳	3092	13251252134334	421
磁	3093	13251431554554	422
愿	3094	13325112344544	422
需	3095	14524444132522	422
辖	3096	15214451112251	423
辗	3097	15215131221534	423
雌	3098	21211532411121	423
裳	3099	24345251413534	423
颗	3100	25111234132534	423
瞅	3101	25111312344334	424
墅	3102	25112115452121	424
嗽	3103	25112512343534	424
踊	3104	25121215425112	425
蜻	3105	25121411212511	425
蜡	3106	25121412212511	425
蝇	3107	25121425125115	425
蜘	3108	25121431134251	426
蝉	3109	25121443251112	426
嘛	3110	25141312341234	427
嘀	3111	25141432512251	427
赚	3112	25344315112234	428
锹	3113	31115312344334	428
锻	3114	31115321113554	428
镀	3115	31115413122154	429
舞	3116	31122221354152	429
舔	3117	31225111342444	429
稳	3118	31234355114544	430
熏	3119	31254312114444	430
箕	3120	31431412211134	430
算	3121	31431425111132	430
箩	3122	31431425221354	431
管	3123	31431444525151	431
箫	3124	31431451123234	431
舆	3125	32111512511134	431
僚	3126	32134432511234	432
僧	3127	32432524312511	432
鼻	3128	32511125121132	432
魄	3129	32511325113554	432
魅	3130	32511355411234	432
貌	3131	34435333251135	433
膜	3132	35111222511134	433
膊	3133	35111251124124	433
膀	3134	35114143454153	433
鲜	3135	35251211431112	434
疑	3136	35311345452134	435
孵	3137	35435243443521	435
馒	3138	35525112522154	435
裹	3139	41251112343534	436
敲	3140	41251252512154	436
豪	3141	41251451353334	436
膏	3142	41251452512511	436
遮	3143	41312214444454	436
腐	3144	41332124253434	436
瘩	3145	41341122341251	436
瘟	3146	41341251125221	436
瘦	3147	41341321511254	437
辣	3148	41431131251234	437
彰	3149	41431251112333	437
竭	3150	41431251135345	437
端	3151	41431252132522	437
旗	3152	41533112211134	437
精	3153	43123411212511	438
粹	3154	43123441343412	438
歉	3155	43151122343534	438
弊	3156	43252343134132	439
熄	3157	43343251114544	439
熔	3158	43344453434251	439
煽	3159	43344513541541	439
潇	3160	44112251123234	439
漆	3161	44112343424134	440
漱	3162	44112512343534	440
漂	3163	44112522111234	440
漫	3164	44125112522154	440
滴	3165	44141432512251	441
漾	3166	44143112145534	441
演	3167	44144512512134	441
漏	3168	44151312524444	441
慢	3169	44225112522154	442
慷	3170	44241351124134	442
寨	3171	44511221341234	442
赛	3172	44511221342534	442
寡	3173	44513251113453	442
察	3174	44535445411234	442
蜜	3175	44545434251214	442
寥	3176	44554154134333	442
谭	3177	45125221251112	443
肇	3178	45133134511112	443
褐	3179	45234251135345	443
褪	3180	45234511534454	443
谱	3181	45431224312511	444
隧	3182	52431353334454	444
嫩	3183	53112512343134	444
翠	3184	54154141343412	445
熊	3185	54251135354444	445
凳	3186	54334125143135	445
骡	3187	55125121554234	446
缩	3188	55144532132511	446
慧	3189	111211125114544	447
撵	3190	121113411341512	448
撕	3191	121122111343312	449
撒	3192	121122125113134	449
撩	3193	121134432511234	449
趣	3194	121213412211154	449
趟	3195	121213424325251	449
撑	3196	121243452513112	449
撮	3197	121251112211154	449
撬	3198	121311531153115	449
播	3199	121343123425121	450
擒	3200	121344134522554	450
墩	3201	121412515213134	450
撞	3202	121414312511211	450
撤	3203	121415425113134	450
增	3204	121432524312511	451
撰	3205	121515515122134	451
聪	3206	122111432514544	451
鞋	3207	122125112121121	451
鞍	3208	122125112445531	452
蕉	3209	122324111214444	452
蕊	3210	122454445444544	453
蔬	3211	122521214154325	453
蕴	3212	122551251125221	453
横	3213	123412212512134	454
槽	3214	123412512212511	454
樱	3215	123425342534531	454
橡	3216	123435251353334	455
樟	3217	123441431251112	455
橄	3218	123451221113134	455
敷	3219	125112441533134	455
豌	3220	125143144535455	455
飘	3221	125221112343534	455
醋	3222	125351112212511	455
醇	3223	125351141251521	456
醉	3224	125351141343412	456
磕	3225	132511215425221	456
磊	3226	132511325113251	456
磅	3227	132514143454153	457
碾	3228	132515131221534	457
震	3229	145244441311534	457
霄	3230	145244442432511	457
霉	3231	145244443155414	457
瞒	3232	251111221253434	458
题	3233	251112134132534	458
暴	3234	251112213424134	459
瞎	3235	251114451112251	459
嘻	3236	251121251431251	459
嘶	3237	251122111343312	459
嘲	3238	251122511123511	459
嘹	3239	251134432511234	460
影	3240	251141251234333	460
踢	3241	251212125113533	461
踏	3242	251212125342511	461
踩	3243	251212134431234	461
踪	3244	251212144511234	461
蝶	3245	251214122151234	462
蝴	3246	251214122513511	462
蝠	3247	251214125125121	463
蝎	3248	251214251135345	463
蝌	3249	251214312344412	463
蝗	3250	251214325111121	463
蝙	3251	251214451325122	464
嘿	3252	251254312114444	464
嘱	3253	251513325125214	465
幢	3254	252414312511211	466
墨	3255	254312114444121	466
镇	3256	311151225111134	467
镐	3257	311154125125251	468
镑	3258	311154143454153	468
靠	3259	312125121112111	468
稽	3260	312341354352511	469
稻	3261	312343443321511	469
黎	3262	312343533424134	469
稿	3263	312344125125251	469
稼	3264	312344451353334	469
箱	3265	314314123425111	469
篓	3266	314314431234531	470
箭	3267	314314431251122	470
篇	3268	314314451325122	470
僵	3269	321251211251211	470
躺	3270	325111324325251	471
僻	3271	325132514143112	471
德	3272	332122522114544	471
艘	3273	335414321511254	471
膝	3274	351112343424134	472
膛	3275	351124345251121	472
鲤	3276	352512112511211	473
鲫	3277	352512115115452	473
熟	3278	412515213544444	474
摩	3279	413123412343112	475
褒	3280	413225112343534	475
瘪	3281	413413251113435	475
瘤	3282	413413545325121	475
瘫	3283	413415432411121	476
凛	3284	414125251111234	476
颜	3285	414313333132534	476
毅	3286	414313533343554	476
糊	3287	431234122513511	476
遵	3288	431253511124454	477
憋	3289	432523431344544	478
潜	3290	441113411342511	478
澎	3291	441121251431333	478
潮	3292	441122511123511	479
潭	3293	441125221251112	479
鲨	3294	441234335251211	479
澳	3295	441325431234134	480
潘	3296	441343123425121	480
澈	3297	441415425113134	480
澜	3298	441425125431234	480
澄	3299	441543341251431	481
懂	3300	442122312511211	481
憔	3301	442324111214444	481
懊	3302	442325431234134	481
憎	3303	442432524312511	481
额	3304	445354251132534	482
翩	3305	451325122541541	482
褥	3306	452341311534124	482
谴	3307	452512125151454	483
鹤	3308	453241112135451	483
憨	3309	512211131344544	483
慰	3310	513112341244544	484
劈	3311	513251414311253	484
履	3312	513332312511354	484
豫	3313	545235251353334	485
缭	3314	551134432511234	485
撼	3315	1211312515344544	487
擂	3316	1211452444425121	487
操	3317	1212512512511234	487
擅	3318	1214125251125111	488
燕	3319	1221251211354444	489
蕾	3320	1221452444425121	489
薯	3321	1222522112132511	489
薛	3322	1223251514143112	490
薇	3323	1223322521353134	490
擎	3324	1223525131343112	490
薪	3325	1224143112343312	490
薄	3326	1224411251124124	491
颠	3327	1225111134132534	491
翰	3328	1225111234541541	491
噩	3329	1225125112512511	491
橱	3330	1234131251431124	491
橙	3331	1234543341251431	492
橘	3332	1234545232534251	492
整	3333	1251234313412121	493
融	3334	1251254312251214	493
瓢	3335	1252211123433544	493
醒	3336	1253511251131121	494
霍	3337	1452444432411121	495
霎	3338	1452444441431531	495
辙	3339	1521415425113134	495
冀	3340	2113525121122134	496
餐	3341	2135454344511534	496
嘴	3342	2512121353535112	498
踱	3343	2512121413122154	498
蹄	3344	2512121414345252	498
蹂	3345	2512121545231234	499
蟆	3346	2512141222511134	499
螃	3347	2512144143454153	500
器	3348	2512511344251251	500
噪	3349	2512512512511234	500
鹦	3350	2534253453135451	501
赠	3351	2534432524312511	501
默	3352	2543121144441344	502
黔	3353	2543121144443445	502
镜	3354	3111541431251135	503
赞	3355	3121353121352534	503
穆	3356	3123432511234333	504
篮	3357	3143142231425221	504
篡	3358	3143142511113454	504
篷	3359	3143143541112454	505
篱	3360	3143144134522554	505
儒	3361	3214524444132522	505
邀	3362	3251141533134454	506
衡	3363	3323525121134112	506
膨	3364	3511121251431333	506
雕	3365	3512125132411121	507
鲸	3366	3525121141251234	508
磨	3367	4131234123413251	509
瘾	3368	4134152355114544	510
瘸	3369	4134153251253434	510
凝	3370	4135311345452134	511
辨	3371	4143113434143112	511
辩	3372	4143113454143112	511
糙	3373	4312343121251454	512
糖	3374	4312344135112251	512
糕	3375	4312344311214444	512
燃	3376	4334354413444444	513
濒	3377	4412121233132534	514
澡	3378	4412512512511234	514
激	3379	4413251141533134	514
懒	3380	4421251234352534	515
憾	3381	4421312515344544	515
懈	3382	4423535112533112	516
窿	3383	4453452354131121	516
壁	3384	5132514143112121	516
避	3385	5132514143112454	517
缰	3386	5511251211251211	517
缴	3387	5513251141533134	518
戴	3388	12125121122134534	519
擦	3389	12144535445411234	519
藉	3390	12211123412212511	520
鞠	3391	12212511235431234	520
藏	3392	12213513125125534	520
藐	3393	12234435333251135	521
檬	3394	12341224511353334	521
檐	3395	12343513344111251	522
檀	3396	12344125251125111	522
礁	3397	13251324111214444	523
磷	3398	13251431234354152	523
霜	3399	14524444123425111	523
霞	3400	14524444512115154	523
瞭	3401	25111134432511234	524
瞧	3402	25111324111214444	524
瞬	3403	25111344345354152	524
瞳	3404	25111414312511211	524
瞩	3405	25111513325125214	524
瞪	3406	25111543341251431	525
曙	3407	25112522112132511	525
蹋	3408	25121212511541541	525
蹈	3409	25121213443321511	525
螺	3410	25121425121554234	526
蟋	3411	25121434312344544	526
蟀	3412	25121441554413412	526
嚎	3413	25141251451353334	527
赡	3414	25343513344111251	527
穗	3415	31234125112144544	530
魏	3416	31234531325113554	530
簧	3417	31431412212512134	530
簇	3418	31431441533131134	531
繁	3419	31554143134554234	531
徽	3420	33225215542343134	532
爵	3421	34432522151154124	533
朦	3422	35111224511353334	534
臊	3423	35112512512511234	534
鳄	3424	35251211251251115	535
癌	3425	41341251251251252	537
辫	3426	41431135514143112	537
赢	3427	41525135112534354	537
糟	3428	43123412512212511	537
糠	3429	43123441351124134	537
燥	3430	43342512512511234	537
懦	3431	44214524444132522	538
豁	3432	44511122513434251	538
臀	3433	51312213435542511	539
臂	3434	51325141431122511	539
翼	3435	54154125121122134	540
骤	3436	55112211154323334	541
藕	3437	122111234251125214	542
鞭	3438	122125112321251134	542
藤	3439	122351143113424134	543
覆	3440	125221332312511354	544
瞻	3441	251113513344111251	545
蹦	3442	251212125235113511	545
嚣	3443	251251132534251251	546
镰	3444	311154134315112234	548
翻	3445	343123425121541541	549
鳍	3446	352512111213352511	549
鹰	3447	413323241112135451	550
瀑	3448	441251112213424134	552
襟	3449	452341234123411234	552
璧	3450	513251414311211214	552
戳	3451	541541324111211534	553
孽	3452	1223251514143112521	554
警	3453	1223525131344111251	554
蘑	3454	1224131234123413251	554
藻	3455	1224412512512511234	554
攀	3456	1234343412341343112	554
曝	3457	2511251112213424134	555
蹲	3458	2512121431253511124	556
蹭	3459	2512121432524312511	556
蹬	3460	2512121543341251431	557
巅	3461	2521225111134132534	557
簸	3462	3143141221113453254	558
簿	3463	3143144411251124124	558
蟹	3464	3535112533112251214	560
颤	3465	4125251125111132534	560
靡	3466	4131234123421112111	560
癣	3467	4134135251211431112	560
瓣	3468	4143113335444143112	561
羹	3469	4311214444431121134	561
鳖	3470	4325234313435251211	561
爆	3471	4334251112213424134	561
疆	3472	5151211251211251211	562
鬓	3473	12111543334453212134	563
壤	3474	12141251251112213534	563
馨	3475	12152133554312342511	563
耀	3476	24313554154132411121	564
躁	3477	25121212512512511234	564
蠕	3478	25121414524444132522	565
嚼	3479	25134432522151154124	565
嚷	3480	25141251251112213534	565
巍	3481	25231234531325113554	565
籍	3482	31431411123412212511	566
鳞	3483	35251211431234354152	567
魔	3484	41312341234325113554	567
糯	3485	43123414524444132522	568
灌	3486	44112225125132411121	568
譬	3487	51325141431124111251	568
蠢	3488	111342511251214251214	569
霸	3489	145244441221251123511	570
露	3490	145244442512121354251	570
霹	3491	145244445132514143112	570
躏	3492	251212112242532411121	571
黯	3493	254312114444414312511	571
髓	3494	255452511131212511454	571
赣	3495	414312511123541212534	572
囊	3496	1251245251251112213534	574
镶	3497	3111541251251112213534	575
瓤	3498	4125125111221353433544	576
罐	3499	31125212225125132411121	577
矗	3500	122511111225111112251111	578
乂	3501	34	9
乜	3502	55	9
兀	3503	135	10
弋	3504	154	10
孑	3505	521	11
孓	3506	524	11
幺	3507	554	12
亓	3508	1132	12
韦	3509	1152	12
廿	3510	1221	12
丏	3511	1255	12
卅	3512	1322	13
仄	3513	1334	13
厄	3514	1355	13
仃	3515	3212	14
仉	3516	3235	14
仂	3517	3253	14
兮	3518	3415	15
刈	3519	3422	15
爻	3520	3434	15
卞	3521	4124	16
闩	3522	4251	16
讣	3523	4524	16
尹	3524	5113	16
夬	3525	5134	16
爿	3526	5213	16
毋	3527	5531	17
邗	3528	11252	17
邛	3529	12152	18
艽	3530	12235	18
艿	3531	12253	18
札	3532	12345	18
叵	3533	12515	18
匝	3534	12525	18
丕	3535	13241	18
匜	3536	15255	19
劢	3537	15353	19
卟	3538	25124	20
叱	3539	25135	20
叻	3540	25153	20
仨	3541	32111	21
仕	3542	32121	21
仟	3543	32312	21
仡	3544	32315	21
仫	3545	32354	21
仞	3546	32534	21
卮	3547	33155	21
氐	3548	35154	22
犰	3549	35335	22
刍	3550	35511	22
邝	3551	41352	23
邙	3552	41552	23
汀	3553	44112	23
讦	3554	45112	23
讧	3555	45121	23
讪	3556	45252	24
讫	3557	45315	24
尻	3558	51335	24
阡	3559	52312	24
尕	3560	53234	24
弁	3561	54132	25
驭	3562	55154	25
匡	3563	111215	25
耒	3564	111234	25
玎	3565	112112	25
玑	3566	112135	25
邢	3567	113252	25
圩	3568	121112	25
圬	3569	121115	26
圭	3570	121121	26
扦	3571	121312	26
圪	3572	121315	26
圳	3573	121322	26
圹	3574	121413	26
扪	3575	121425	26
圮	3576	121515	26
圯	3577	121515	26
芊	3578	122312	27
芍	3579	122354	27
芄	3580	122354	27
芨	3581	122354	27
芑	3582	122515	27
芎	3583	122515	27
芗	3584	122553	27
亘	3585	125111	27
厍	3586	131512	28
夼	3587	134322	28
戍	3588	134534	28
尥	3589	135354	28
乩	3590	212515	29
旯	3591	251135	29
曳	3592	251153	29
岌	3593	252354	30
屺	3594	252515	30
凼	3595	253452	31
囡	3596	255311	31
钇	3597	311155	31
缶	3598	311252	31
氘	3599	311532	31
氖	3600	311553	31
牝	3601	312135	31
伎	3602	321254	31
伛	3603	321345	32
伢	3604	321523	32
佤	3605	321554	32
仵	3606	323112	32
伥	3607	323154	32
伧	3608	323455	32
伉	3609	324135	32
伫	3610	324451	32
囟	3611	325341	33
汆	3612	342534	33
刖	3613	351122	33
夙	3614	351354	34
旮	3615	352511	34
刎	3616	353322	34
犷	3617	353413	34
犸	3618	353551	34
舛	3619	354152	34
凫	3620	354535	34
邬	3621	355152	34
饧	3622	355533	34
汕	3623	441252	36
汔	3624	441315	36
汐	3625	441354	36
汲	3626	441354	36
汜	3627	441515	36
汊	3628	441544	36
忖	3629	442124	36
忏	3630	442312	36
讴	3631	451345	37
讵	3632	451515	37
祁	3633	452452	37
讷	3634	452534	37
聿	3635	511112	37
艮	3636	511534	37
厾	3637	512154	37
阱	3638	521132	38
阮	3639	521135	38
阪	3640	523354	38
丞	3641	525341	38
妁	3642	531354	38
牟	3643	543112	39
纡	3644	551112	39
纣	3645	551124	39
纥	3646	551315	39
纨	3647	551354	39
玕	3648	1121112	39
玙	3649	1121151	39
抟	3650	1211154	40
抔	3651	1211324	40
圻	3652	1213312	41
坂	3653	1213354	41
坍	3654	1213541	42
坞	3655	1213551	42
抃	3656	1214124	42
抉	3657	1215134	42
㧐	3658	1215454	43
芫	3659	1221135	43
邯	3660	1221152	43
芸	3661	1221154	43
芾	3662	1221252	43
苈	3663	1221353	43
苣	3664	1221515	43
芷	3665	1222121	43
芮	3666	1222534	43
苋	3667	1222535	43
芼	3668	1223115	43
苌	3669	1223154	43
苁	3670	1223434	43
芩	3671	1223445	44
芪	3672	1223515	44
芡	3673	1223534	44
芟	3674	1223554	44
苄	3675	1224124	44
苎	3676	1224451	44
苡	3677	1225434	44
杌	3678	1234135	45
杓	3679	1234354	45
杞	3680	1234515	45
杈	3681	1234544	45
忑	3682	1244544	45
孛	3683	1245521	45
邴	3684	1253452	46
邳	3685	1324152	46
矶	3686	1325135	46
奁	3687	1341345	46
豕	3688	1353334	46
忒	3689	1454454	46
欤	3690	1513534	46
轫	3691	1521534	46
迓	3692	1523454	46
邶	3693	2111552	47
忐	3694	2114544	47
卣	3695	2125511	47
邺	3696	2243152	47
旰	3697	2511112	47
呋	3698	2511134	47
呒	3699	2511135	47
呓	3700	2511225	47
呔	3701	2511344	48
呖	3702	2511353	48
呃	3703	2511355	48
旸	3704	2511533	48
吡	3705	2511535	48
町	3706	2512112	48
虬	3707	2512145	48
呗	3708	2512534	48
吽	3709	2513112	48
吣	3710	2514544	49
吲	3711	2515152	49
帏	3712	2521152	49
岐	3713	2521254	49
岈	3714	2521523	49
岘	3715	2522535	49
岑	3716	2523445	49
岚	3717	2523534	50
兕	3718	2525135	50
囵	3719	2534351	50
囫	3720	2535331	50
钊	3721	3111522	50
钋	3722	3111524	50
钌	3723	3111552	50
迕	3724	3112454	50
氙	3725	3115252	50
氚	3726	3115322	50
牤	3727	3121415	50
佞	3728	3211531	51
邱	3729	3212152	51
攸	3730	3223134	51
佚	3731	3231134	51
佝	3732	3235251	51
佟	3733	3235444	51
佗	3734	3244535	52
伽	3735	3253251	52
彷	3736	3324153	52
佘	3737	3411234	52
佥	3738	3414431	52
孚	3739	3443521	52
豸	3740	3443533	53
坌	3741	3453121	53
肟	3742	3511115	53
邸	3743	3515452	53
奂	3744	3525134	53
劬	3745	3525153	53
狄	3746	3534334	53
狁	3747	3535435	53
鸠	3748	3535451	54
邹	3749	3551152	54
饨	3750	3551525	54
饩	3751	3553115	54
饪	3752	3553121	54
饫	3753	3553134	54
饬	3754	3553153	54
亨	3755	4125152	54
庑	3756	4131135	54
庋	3757	4131254	54
疔	3758	4134112	55
疖	3759	4134152	55
肓	3760	4152511	55
闱	3761	4251152	55
闳	3762	4251354	55
闵	3763	4254134	55
羌	3764	4311135	55
炀	3765	4334533	56
沣	3766	4411112	56
沅	3767	4411135	56
沔	3768	4411255	56
沤	3769	4411345	56
沌	3770	4411525	56
沏	3771	4411553	56
沚	3772	4412121	56
汩	3773	4412511	56
汨	3774	4412511	57
沂	3775	4413312	57
汾	3776	4413453	57
沨	3777	4413534	57
汴	3778	4414124	57
汶	3779	4414134	57
沆	3780	4414135	57
沩	3781	4414354	57
泐	3782	4415253	57
怃	3783	4421135	57
怄	3784	4421345	58
忡	3785	4422512	58
忤	3786	4423112	58
忾	3787	4423115	58
怅	3788	4423154	58
忻	3789	4423312	58
忪	3790	4423454	58
怆	3791	4423455	58
忭	3792	4424124	58
忸	3793	4425211	58
诂	3794	4512251	59
诃	3795	4512512	59
诅	3796	4525111	59
诋	3797	4535154	59
诌	3798	4535511	59
诏	3799	4553251	59
诒	3800	4554251	59
孜	3801	5213134	60
陇	3802	5213534	60
陀	3803	5244535	61
陂	3804	5253254	61
陉	3805	5254121	61
妍	3806	5311132	61
妩	3807	5311135	61
妪	3808	5311345	61
妣	3809	5311535	61
妊	3810	5313121	61
妗	3811	5313445	61
妫	3812	5314354	61
妞	3813	5315211	61
姒	3814	5315434	61
妤	3815	5315452	61
邵	3816	5325152	61
劭	3817	5325153	61
刭	3818	5412122	62
甬	3819	5425112	62
邰	3820	5425152	62
纭	3821	5511154	62
纰	3822	5511535	62
纴	3823	5513121	62
纶	3824	5513435	62
纾	3825	5515452	63
玮	3826	11211152	63
玡	3827	11211523	63
玭	3828	11211535	63
玠	3829	11213432	64
玢	3830	11213453	64
玥	3831	11213511	64
玦	3832	11215134	64
盂	3833	11225221	64
忝	3834	11342444	64
匦	3835	11521355	64
坩	3836	12112211	65
抨	3837	12114312	65
拤	3838	12121124	65
坫	3839	12121251	66
拈	3840	12121251	66
垆	3841	12121513	66
抻	3842	12125112	66
劼	3843	12125153	66
拃	3844	12131211	66
拊	3845	12132124	67
坼	3846	12133124	67
坻	3847	12135154	67
㧟	3848	12144115	68
坨	3849	12144535	68
坭	3850	12151335	68
抿	3851	12151515	68
坳	3852	12155453	69
耶	3853	12211152	69
苷	3854	12212211	70
苯	3855	12212341	70
苤	3856	12213241	70
茏	3857	12213534	70
苫	3858	12221251	70
苜	3859	12225111	71
苴	3860	12225111	71
苒	3861	12225211	71
苘	3862	12225251	71
茌	3863	12232121	71
苻	3864	12232124	71
苓	3865	12234454	71
茚	3866	12235152	71
茆	3867	12235352	71
茑	3868	12235451	72
茓	3869	12244534	72
茔	3870	12245121	72
茕	3871	12245512	72
茀	3872	12251532	72
苕	3873	12253251	72
枥	3874	12341353	73
枇	3875	12341535	73
杪	3876	12342343	73
杳	3877	12342511	74
枧	3878	12342535	74
杵	3879	12343112	74
枨	3880	12343154	74
枞	3881	12343434	74
枋	3882	12344153	75
杻	3883	12345211	75
杷	3884	12345215	75
杼	3885	12345452	75
矸	3886	13251112	76
砀	3887	13251533	76
刳	3888	13411522	77
奄	3889	13425115	77
瓯	3890	13451554	77
殁	3891	13543554	77
郏	3892	14313452	77
轭	3893	15211355	78
郅	3894	15412152	78
鸢	3895	15435451	78
盱	3896	25111112	79
昊	3897	25111134	79
昙	3898	25111154	80
杲	3899	25111234	80
昃	3900	25111334	80
咂	3901	25112525	80
呸	3902	25113241	81
昕	3903	25113312	81
昀	3904	25113541	81
旻	3905	25114134	81
昉	3906	25114153	81
炅	3907	25114334	81
咔	3908	25121124	82
畀	3909	25121132	82
虮	3910	25121435	82
咀	3911	25125111	82
呷	3912	25125112	82
黾	3913	25125115	82
呱	3914	25133544	83
呤	3915	25134454	83
咚	3916	25135444	83
咆	3917	25135515	83
咛	3918	25144512	83
呶	3919	25153154	83
呣	3920	25155414	84
呦	3921	25155453	84
咝	3922	25155551	84
岢	3923	25212512	84
岿	3924	25223511	84
岬	3925	25225112	85
岫	3926	25225121	85
帙	3927	25231134	85
岣	3928	25235251	85
峁	3929	25235352	85
刿	3930	25235422	85
迥	3931	25251454	85
岷	3932	25251515	85
剀	3933	25251522	86
帔	3934	25253254	86
峄	3935	25254112	86
沓	3936	25342511	86
囹	3937	25344541	86
罔	3938	25431415	87
钍	3939	31115121	87
钎	3940	31115312	87
钏	3941	31115322	87
钒	3942	31115354	87
钕	3943	31115531	87
钗	3944	31115544	87
邾	3945	31123452	87
迮	3946	31211454	88
牦	3947	31213115	88
竺	3948	31431411	89
迤	3949	31525454	89
佶	3950	32121251	89
佬	3951	32121335	89
佰	3952	32132511	89
侑	3953	32132511	89
侉	3954	32134115	90
臾	3955	32151134	90
岱	3956	32154252	90
侗	3957	32251251	90
侃	3958	32251325	90
侏	3959	32311234	91
侩	3960	32341154	91
佻	3961	32341534	91
佾	3962	32342511	91
侪	3963	32413432	92
佼	3964	32413434	92
佯	3965	32431112	92
侬	3966	32453534	92
帛	3967	32511252	92
阜	3968	32515112	92
侔	3969	32543112	93
徂	3970	33225111	93
刽	3971	34115422	94
郄	3972	34135452	94
怂	3973	34344544	94
籴	3974	34431234	94
瓮	3975	34541554	95
戗	3976	34551534	95
肼	3977	35111132	95
䏝	3978	35111154	95
肽	3979	35111344	95
肱	3980	35111354	96
肫	3981	35111525	96
剁	3982	35123422	97
迩	3983	35234454	97
郇	3984	35251152	97
狙	3985	35325111	97
狎	3986	35325112	97
狍	3987	35335515	98
狒	3988	35351532	98
咎	3989	35424251	98
炙	3990	35444334	98
枭	3991	35451234	98
饯	3992	35511534	98
饴	3993	35554251	98
冽	3994	41135422	98
冼	3995	41312135	99
庖	3996	41335515	99
疠	3997	41341153	99
疝	3998	41341252	99
疡	3999	41341533	100
兖	4000	41345435	100
妾	4001	41431531	100
劾	4002	41533453	101
炜	4003	43341152	101
𬉼	4004	43341345	101
炖	4005	43341525	102
炘	4006	43343312	102
炝	4007	43343455	102
炔	4008	43345134	102
泔	4009	44112211	103
沭	4010	44112344	103
泷	4011	44113534	103
泸	4012	44121513	103
泱	4013	44125134	103
泅	4014	44125341	104
泗	4015	44125351	104
泠	4016	44134454	104
泺	4017	44135234	104
泖	4018	44135352	104
泫	4019	44141554	104
泮	4020	44143112	105
沱	4021	44144535	105
泯	4022	44151515	105
泓	4023	44151554	105
泾	4024	44154121	106
怙	4025	44212251	106
怵	4026	44212344	106
怦	4027	44214312	106
怛	4028	44225111	106
怏	4029	44225134	106
怍	4030	44231211	106
㤘	4031	44235511	107
怩	4032	44251335	107
怫	4033	44251532	107
怿	4034	44254112	107
宕	4035	44513251	107
穹	4036	44534515	108
宓	4037	44545434	108
诓	4038	45111215	108
诔	4039	45111234	108
诖	4040	45121121	109
诘	4041	45121251	109
戾	4042	45131344	109
诙	4043	45134334	109
戽	4044	45134412	109
郓	4045	45152152	109
衩	4046	45234544	110
祆	4047	45241134	110
祎	4048	45241152	110
祉	4049	45242121	110
祇	4050	45243515	110
诛	4051	45311234	110
诜	4052	45312135	110
诟	4053	45331251	111
诠	4054	45341121	111
诣	4055	45352511	111
诤	4056	45355112	111
诧	4057	45445315	111
诨	4058	45451512	111
诩	4059	45541541	111
戕	4060	52131534	113
孢	4061	52135515	113
亟	4062	52251541	113
陔	4063	52415334	114
妲	4064	53125111	114
妯	4065	53125121	114
姗	4066	53135351	115
帑	4067	53154252	115
弩	4068	53154515	115
孥	4069	53154521	115
驽	4070	53154551	115
虱	4071	53251214	115
迦	4072	53251454	115
迨	4073	54251454	116
绀	4074	55112211	116
绁	4075	55112215	116
绂	4076	55113544	116
驷	4077	55125351	117
驸	4078	55132124	117
绉	4079	55135511	117
绌	4080	55152252	118
驿	4081	55154112	118
骀	4082	55154251	118
甾	4083	55525121	118
珏	4084	112111214	119
珐	4085	112112154	119
珂	4086	112112512	119
珑	4087	112113534	119
玳	4088	112132154	119
珀	4089	112132511	120
顸	4090	112132534	120
珉	4091	112151515	120
珈	4092	112153251	120
拮	4093	121121251	121
垭	4094	121122431	121
挝	4095	121124454	121
垣	4096	121125111	121
挞	4097	121134454	122
垤	4098	121154121	122
赳	4099	121213452	122
贲	4100	121222534	122
垱	4101	121243511	123
垌	4102	121251251	123
郝	4103	121323452	123
垧	4104	121325251	123
垓	4105	121415334	124
挦	4106	121511124	125
垠	4107	121511534	125
茜	4108	122125351	126
荚	4109	122143134	126
荑	4110	122151534	126
贳	4111	122152534	126
荜	4112	122153512	127
莒	4113	122251251	127
茼	4114	122251251	127
茴	4115	122252511	127
茱	4116	122311234	127
莛	4117	122312154	127
荞	4118	122313432	127
茯	4119	122321344	127
荏	4120	122323121	128
荇	4121	122332112	128
荃	4122	122341121	128
荟	4123	122341154	128
荀	4124	122352511	128
茗	4125	122354251	128
荠	4126	122413432	128
茭	4127	122413434	128
茨	4128	122413534	128
垩	4129	122431121	129
荥	4130	122452534	129
荦	4131	122453112	129
荨	4132	122511124	129
荩	4133	122513444	130
剋	4134	122513522	130
荪	4135	122521234	130
茹	4136	122531251	130
荬	4137	122544134	130
荮	4138	122551124	130
柰	4139	123411234	130
栉	4140	123412252	131
柯	4141	123412512	131
柘	4142	123413251	131
栊	4143	123413534	131
柩	4144	123413545	131
枰	4145	123414312	131
栌	4146	123421513	131
柙	4147	123425112	132
枵	4148	123425115	132
柚	4149	123425121	132
枳	4150	123425134	132
柞	4151	123431211	132
柝	4152	123433124	132
栀	4153	123433155	132
柢	4154	123435154	132
栎	4155	123435234	132
枸	4156	123435251	132
柈	4157	123443112	133
柁	4158	123444535	133
枷	4159	123453251	133
柽	4160	123454121	133
剌	4161	125123422	134
酊	4162	125351112	134
郦	4163	125425452	134
甭	4164	132435112	135
砗	4165	132511512	135
砘	4166	132511525	135
砒	4167	132511535	135
斫	4168	132513312	136
砭	4169	132513454	136
砜	4170	132513534	136
奎	4171	134121121	136
耷	4172	134122111	136
虺	4173	135251214	137
殂	4174	135425111	137
殇	4175	135431533	137
殄	4176	135434333	137
殆	4177	135454251	137
轱	4178	152112251	137
轲	4179	152112512	137
轳	4180	152121513	137
轶	4181	152131134	138
轸	4182	152134333	138
虿	4183	153251214	138
毖	4184	153545434	138
觇	4185	212512535	138
尜	4186	234134234	139
哐	4187	251111215	139
眄	4188	251111255	139
眍	4189	251111345	139
𠳐	4190	251111352	139
郢	4191	251112152	140
眇	4192	251112343	140
眊	4193	251113115	140
眈	4194	251114535	140
禺	4195	251125214	141
哂	4196	251125351	141
咴	4197	251134334	141
曷	4198	251135345	142
昴	4199	251135352	142
昱	4200	251141431	142
昵	4201	251151335	142
咦	4202	251151534	142
哓	4203	251153135	142
哔	4204	251153512	142
畎	4205	251211344	143
毗	4206	251211535	143
呲	4207	251212135	143
胄	4208	251212511	143
畋	4209	251213134	143
畈	4210	251213354	143
虼	4211	251214315	144
虻	4212	251214415	144
盅	4213	251225221	144
咣	4214	251243135	144
哕	4215	251252354	144
剐	4216	251253422	145
郧	4217	251253452	145
咻	4218	251321234	145
囿	4219	251325111	145
咿	4220	251325113	145
哌	4221	251333534	145
哙	4222	251341154	145
哚	4223	251351234	145
咯	4224	251354251	145
咩	4225	251431112	146
咤	4226	251445315	146
哝	4227	251453534	146
哏	4228	251511534	146
哞	4229	251543112	146
峙	4230	252121124	146
峣	4231	252153135	147
罘	4232	252211324	147
帧	4233	252212534	147
峒	4234	252251251	147
峤	4235	252313432	147
峋	4236	252352511	147
峥	4237	252355112	147
贶	4238	253425135	148
钚	4239	311151324	148
钛	4240	311151344	148
钡	4241	311152534	149
钣	4242	311153354	149
钤	4243	311153445	149
钨	4244	311153551	149
钫	4245	311154153	150
钯	4246	311155215	150
氡	4247	311535444	151
氟	4248	311551532	151
牯	4249	312112251	151
郜	4250	312125152	151
秕	4251	312341535	151
秭	4252	312343523	152
竽	4253	314314112	152
笈	4254	314314354	152
笃	4255	314314551	152
俦	4256	321113124	152
俨	4257	321224313	152
俅	4258	321241344	152
俪	4259	321254254	153
叟	4260	321511254	153
垡	4261	321534121	153
牮	4262	321543112	153
俣	4263	322511134	153
俚	4264	322511211	153
皈	4265	325113354	154
俑	4266	325425112	155
俟	4267	325431134	155
逅	4268	331251454	155
徇	4269	332352511	156
徉	4270	332431112	156
舢	4271	335414252	156
俞	4272	341251122	156
郗	4273	341325252	156
俎	4274	343425111	157
郤	4275	343425152	157
爰	4276	344311354	157
郛	4277	344352152	157
瓴	4278	344541554	157
胨	4279	351115234	158
胪	4280	351121513	158
胛	4281	351125112	158
胂	4282	351125112	158
胙	4283	351131211	158
胍	4284	351133544	158
胗	4285	351134333	158
胝	4286	351135154	158
朐	4287	351135251	158
胫	4288	351154121	159
鸨	4289	351235451	159
匍	4290	351251124	159
狨	4291	353113534	159
狯	4292	353341154	159
飑	4293	353435515	160
狩	4294	353445124	160
狲	4295	353521234	160
訇	4296	354111251	160
逄	4297	354152454	160
昝	4298	354242511	160
饷	4299	355325251	161
饸	4300	355341251	161
饹	4301	355354251	161
胤	4302	355425115	161
孪	4303	412234521	161
娈	4304	412234531	162
弈	4305	413234132	162
奕	4306	413234134	162
庥	4307	413321234	162
疬	4308	413411353	162
疣	4309	413411354	163
疥	4310	413413432	163
疭	4311	413413434	163
庠	4312	413431112	163
竑	4313	414311354	163
彦	4314	414313333	164
飒	4315	414313534	164
闼	4316	425134454	164
闾	4317	425251251	164
闿	4318	425252515	164
阂	4319	425415334	164
羑	4320	431121354	165
迸	4321	431132454	165
籼	4322	431234252	165
酋	4323	431253511	165
炳	4324	433412534	166
炻	4325	433413251	166
炽	4326	433425134	166
炯	4327	433425251	166
烀	4328	433434312	166
炷	4329	433441121	167
烃	4330	433454121	167
洱	4331	441122111	167
洹	4332	441125111	167
洧	4333	441132511	168
洌	4334	441135422	168
浃	4335	441143134	168
洇	4336	441251341	169
洄	4337	441252511	169
洙	4338	441311234	169
涎	4339	441321554	169
洎	4340	441325111	169
洫	4341	441325221	169
浍	4342	441341154	169
洮	4343	441341534	170
洵	4344	441352511	170
浒	4345	441453112	171
浔	4346	441511124	171
浕	4347	441513444	171
洳	4348	441531251	171
恸	4349	442115453	171
恓	4350	442125351	171
恹	4351	442131344	172
恫	4352	442251251	172
恺	4353	442252515	172
恻	4354	442253422	172
恂	4355	442352511	172
恪	4356	442354251	172
恽	4357	442451512	172
宥	4358	445132511	173
扃	4359	451325251	174
衲	4360	452342534	174
衽	4361	452343121	174
衿	4362	452343445	174
袂	4363	452345134	174
祛	4364	452412154	175
祜	4365	452412251	175
祓	4366	452413544	175
祚	4367	452431211	175
诮	4368	452432511	175
祗	4369	452435154	175
祢	4370	452435234	175
诰	4371	453121251	176
诳	4372	453531121	176
鸩	4373	453535451	176
昶	4374	455342511	176
郡	4375	511325152	176
咫	4376	513425134	177
弭	4377	515122111	177
牁	4378	521312512	177
胥	4379	521342511	177
陛	4380	521535121	177
陟	4381	522121233	178
娅	4382	531122431	178
姮	4383	531125111	178
娆	4384	531153135	179
姝	4385	531311234	179
姣	4386	531413434	179
姘	4387	531431132	179
姹	4388	531445315	179
怼	4389	541244544	180
羿	4390	541541132	180
炱	4391	542514334	180
矜	4392	545233445	180
绔	4393	551134115	181
骁	4394	551153135	181
骅	4395	551323512	181
绗	4396	551332112	182
绛	4397	551354152	182
骈	4398	551431132	182
耖	4399	1112342343	183
挈	4400	1112533112	183
珥	4401	1121122111	183
珙	4402	1121122134	183
顼	4403	1121132534	184
珰	4404	1121243511	184
珩	4405	1121332112	184
珧	4406	1121341534	184
珣	4407	1121352511	184
珞	4408	1121354251	184
琤	4409	1121355112	185
珲	4410	1121451512	185
敖	4411	1121533134	185
恚	4412	1211214544	186
埔	4413	1211251124	186
埕	4414	1212511121	187
埘	4415	1212511124	187
埙	4416	1212512534	187
埚	4417	1212512534	187
挹	4418	1212515215	188
耆	4419	1213352511	188
耄	4420	1213353115	188
埒	4421	1213443124	188
捋	4422	1213443124	188
贽	4423	1213542534	189
垸	4424	1214451135	189
捃	4425	1215113251	189
盍	4426	1215425221	190
荸	4427	1221245521	190
莆	4428	1221251124	190
莳	4429	1222511124	191
莴	4430	1222512534	191
莪	4431	1223121534	191
莠	4432	1223123453	191
莓	4433	1223155414	191
莜	4434	1223223134	191
莅	4435	1223241431	191
荼	4436	1223411234	192
莩	4437	1223443521	192
荽	4438	1223443531	192
莸	4439	1223531354	192
荻	4440	1223534334	192
莘	4441	1224143112	192
莎	4442	1224412343	192
莞	4443	1224451135	192
莨	4444	1224511534	193
鸪	4445	1225135451	193
莼	4446	1225511525	193
栲	4447	1234121315	193
栳	4448	1234121335	193
郴	4449	1234123452	194
桓	4450	1234125111	194
桡	4451	1234153135	194
桎	4452	1234154121	194
桢	4453	1234212534	194
桤	4454	1234252515	194
梃	4455	1234312154	195
栝	4456	1234312251	195
桕	4457	1234321511	195
桁	4458	1234332112	195
桧	4459	1234341154	195
桅	4460	1234351355	195
栟	4461	1234431132	196
桉	4462	1234445531	196
栩	4463	1234541541	196
逑	4464	1241344454	196
逋	4465	1251124454	196
彧	4466	1251153334	196
鬲	4467	1251254312	197
豇	4468	1251431121	197
酐	4469	1253511112	197
逦	4470	1254254454	197
厝	4471	1312212511	198
孬	4472	1324531521	198
砝	4473	1325112154	198
砹	4474	1325112234	198
砺	4475	1325113153	198
砧	4476	1325121251	198
砷	4477	1325125112	198
砟	4478	1325131211	198
砼	4479	1325134121	199
砥	4480	1325135154	199
砣	4481	1325144535	199
剞	4482	1341251222	199
砻	4483	1353413251	200
轼	4484	1521112154	200
轾	4485	1521154121	200
辂	4486	1521354251	200
鸫	4487	1523435451	201
趸	4488	1532512134	201
龀	4489	2121345235	201
鸬	4490	2151335451	201
虔	4491	2153154134	201
逍	4492	2432511454	202
眬	4493	2511113534	202
唛	4494	2511121354	202
晟	4495	2511135534	202
眩	4496	2511141554	202
眙	4497	2511154251	203
哧	4498	2511213234	203
哽	4499	2511251134	203
唔	4500	2511251251	204
晁	4501	2511341534	204
晏	4502	2511445531	204
鸮	4503	2511535451	204
趵	4504	2512121354	204
趿	4505	2512121354	204
畛	4506	2512134333	204
蚨	4507	2512141134	205
蚜	4508	2512141523	205
蚍	4509	2512141535	205
蚋	4510	2512142534	205
蚬	4511	2512142535	205
蚝	4512	2512143115	205
蚧	4513	2512143432	205
唢	4514	2512432534	206
圄	4515	2512512511	206
唣	4516	2513251115	206
唏	4517	2513413252	206
盎	4518	2513425221	206
唑	4519	2513434121	206
崂	4520	2521224553	207
崃	4521	2521431234	207
罡	4522	2522112121	208
罟	4523	2522112251	208
峪	4524	2523434251	208
觊	4525	2525152535	208
赅	4526	2534415334	209
钰	4527	3111511214	209
钲	4528	3111512121	209
钴	4529	3111512251	209
钵	4530	3111512341	209
钹	4531	3111513544	209
钺	4532	3111515534	210
钽	4533	3111525111	210
钼	4534	3111525111	210
钿	4535	3111525121	210
铀	4536	3111525121	210
铂	4537	3111532511	210
铄	4538	3111535234	210
铆	4539	3111535352	211
铈	4540	3111541252	211
铉	4541	3111541554	211
铊	4542	3111544535	211
铋	4543	3111545434	211
铌	4544	3111551335	211
铍	4545	3111553254	211
䥽	4546	3111553544	211
铎	4547	3111554112	211
氩	4548	3115122431	212
氤	4549	3115251341	212
氦	4550	3115415334	212
毪	4551	3115543112	212
舐	4552	3122513515	212
秣	4553	3123411234	212
秫	4554	3123412344	212
盉	4555	3123425221	213
笄	4556	3143141132	213
笕	4557	3143142535	213
笊	4558	3143143324	213
笏	4559	3143143533	214
笆	4560	3143145215	214
俸	4561	3211134112	214
倩	4562	3211212511	214
俵	4563	3211213534	214
偌	4564	3212213251	214
俳	4565	3221112111	215
俶	4566	3221123454	215
倬	4567	3221251112	215
倏	4568	3223541344	215
恁	4569	3231214544	216
倭	4570	3231234531	216
倪	4571	3232151135	216
俾	4572	3232511312	216
倜	4573	3235121251	216
隼	4574	3241112112	216
隽	4575	3241112153	216
倌	4576	3244525151	217
倥	4577	3244534121	217
臬	4578	3251111234	217
皋	4579	3251113412	217
郫	4580	3251131252	217
倨	4581	3251312251	217
衄	4582	3252215211	218
颀	4583	3312132534	218
徕	4584	3321431234	218
舫	4585	3354144153	218
釜	4586	3434112431	219
奚	4587	3443554134	219
衾	4588	3445413534	219
胯	4589	3511134115	220
胱	4590	3511243135	220
胴	4591	3511251251	220
胭	4592	3511251341	220
脍	4593	3511341154	220
胼	4594	3511431132	221
朕	4595	3511431134	221
脒	4596	3511431234	221
胺	4597	3511445531	221
鸱	4598	3515435451	221
玺	4599	3523411214	222
鸲	4600	3525135451	222
狷	4601	3532512511	222
猁	4602	3533123422	222
狳	4603	3533411234	222
猃	4604	3533414431	222
狺	4605	3534111251	222
逖	4606	3534334454	222
桀	4607	3541521234	223
袅	4608	3545413534	223
饽	4609	3551245521	223
凇	4610	4112343454	224
栾	4611	4122341234	224
挛	4612	4122343112	224
亳	4613	4125145315	224
疳	4614	4134112211	225
疴	4615	4134112512	225
疸	4616	4134125111	225
疽	4617	4134125111	225
痈	4618	4134135112	225
疱	4619	4134135515	226
痂	4620	4134153251	226
痉	4621	4134154121	226
衮	4622	4134543534	226
凋	4623	4135121251	226
颃	4624	4135132534	227
恣	4625	4135344544	227
旆	4626	4153311252	227
旄	4627	4153313115	227
旃	4628	4153313541	228
阃	4629	4252512341	228
阄	4630	4253525115	228
訚	4631	4254111251	228
阆	4632	4254511534	228
恙	4633	4311214544	228
粑	4634	4312345215	229
朔	4635	4315233511	229
郸	4636	4325111252	229
烜	4637	4334125111	229
烨	4638	4334323512	230
烩	4639	4334341154	230
烊	4640	4334431112	230
剡	4641	4334433422	230
郯	4642	4334433452	230
烬	4643	4334513444	230
涑	4644	4411251234	231
浯	4645	4411251251	231
涞	4646	4411431234	231
涟	4647	4411512454	231
娑	4648	4412343531	232
涅	4649	4412511121	232
涠	4650	4412511521	232
浞	4651	4412512134	232
涓	4652	4412512511	232
浥	4653	4412515215	232
涔	4654	4412523445	232
浜	4655	4413212134	233
浠	4656	4413413252	233
浣	4657	4414451135	234
浚	4658	4415434354	234
悚	4659	4421251234	235
悭	4660	4422254121	235
悝	4661	4422511211	235
悒	4662	4422515215	235
悌	4663	4424351523	235
悛	4664	4425434354	235
宸	4665	4451311534	236
窈	4666	4453455453	237
剜	4667	4453545522	237
诹	4668	4512211154	237
冢	4669	4513533434	237
诼	4670	4513533434	238
袒	4671	4523425111	238
袢	4672	4523443112	238
祯	4673	4524212534	238
诿	4674	4531234531	239
谀	4675	4532151134	239
谂	4676	4534454544	239
谄	4677	4535321511	239
谇	4678	4541343412	239
屐	4679	5133321254	240
屙	4680	5135212512	240
陬	4681	5212211154	240
勐	4682	5212522153	240
奘	4683	5213121134	241
牂	4684	5213431112	241
蚩	4685	5221251214	241
陲	4686	5231212211	241
姬	4687	5311225125	241
娠	4688	5311311534	241
娌	4689	5312511211	242
娉	4690	5312512115	242
娲	4691	5312512534	242
娩	4692	5313525135	242
娴	4693	5314251234	242
娣	4694	5314351523	242
娓	4695	5315133115	242
婀	4696	5315212512	242
畚	4697	5413425121	243
逡	4698	5434354454	243
绠	4699	5511251134	243
骊	4700	5511254254	243
绡	4701	5512432511	244
骋	4702	5512512115	244
绥	4703	5513443531	244
绦	4704	5513541234	244
绨	4705	5514351523	244
骎	4706	5515114554	245
邕	4707	5552515215	245
鸶	4708	5555135451	245
彗	4709	11121112511	245
耜	4710	11123425151	245
焘	4711	11131244444	245
舂	4712	11134321511	245
琏	4713	11211512454	245
琇	4714	11213123453	246
麸	4715	11213541134	246
揶	4716	12112211152	247
埴	4717	12112251111	247
埯	4718	12113425115	247
捯	4719	12115412122	247
掳	4720	12121531553	248
掴	4721	12125112141	248
埸	4722	12125113533	248
埵	4723	12131212211	248
赧	4724	12132345254	248
埤	4725	12132511312	248
捭	4726	12132511312	249
逵	4727	12134121454	249
埝	4728	12134454544	249
堋	4729	12135113511	249
堍	4730	12135251354	249
掬	4731	12135431234	249
鸷	4732	12135435451	250
掖	4733	12141323544	250
捽	4734	12141343412	250
掊	4735	12141431251	250
堉	4736	12141542511	250
掸	4737	12143251112	250
捩	4738	12145131344	251
掮	4739	12145132511	251
悫	4740	12145354544	251
埭	4741	12151124134	251
埽	4742	12151145252	251
掇	4743	12154545454	251
掼	4744	12155212534	251
聃	4745	12211125211	252
菁	4746	12211212511	252
萁	4747	12212211134	252
菘	4748	12212343454	253
堇	4749	12212511121	253
萘	4750	12213411234	253
萋	4751	12215112531	253
菽	4752	12221123454	253
菖	4753	12225112511	253
萜	4754	12225221251	254
萸	4755	12232151134	254
萑	4756	12232411121	254
棻	4757	12234531234	254
菔	4758	12235115254	254
菟	4759	12235251354	254
萏	4760	12235321511	255
萃	4761	12241343412	255
菏	4762	12244112512	255
菹	4763	12244125111	255
菪	4764	12244513251	255
菅	4765	12244525151	255
菀	4766	12244535455	255
萦	4767	12245554234	256
菰	4768	12252133544	256
菡	4769	12252413452	256
梵	4770	12341234354	257
梿	4771	12341512454	257
梏	4772	12343121251	257
觋	4773	12343412535	258
桴	4774	12343443521	258
桷	4775	12343535112	258
梓	4776	12344143112	258
棁	4777	12344325135	258
桫	4778	12344412343	258
棂	4779	12345114334	258
啬	4780	12431252511	259
郾	4781	12511531552	259
匮	4782	12512125345	259
敕	4783	12512343134	259
豉	4784	12514311254	259
鄄	4785	12522112152	259
酞	4786	12535111344	259
酚	4787	12535113453	260
戛	4788	13251111534	260
硎	4789	13251113222	260
硭	4790	13251122415	260
硒	4791	13251125351	260
硖	4792	13251143134	260
硗	4793	13251153135	261
硐	4794	13251251251	261
硇	4795	13251325341	261
硌	4796	13251354251	261
鸸	4797	13252235451	261
瓠	4798	13411533544	261
匏	4799	13411535515	261
厩	4800	13511541535	262
龚	4801	13534122134	262
殒	4802	13542512534	262
殓	4803	13543414431	262
殍	4804	13543443521	262
赉	4805	14312342534	262
雩	4806	14524444115	262
辄	4807	15211221115	263
堑	4808	15213312121	263
眭	4809	25111121121	263
眦	4810	25111212135	264
啧	4811	25111212534	264
晡	4812	25111251124	264
晤	4813	25111251251	264
眺	4814	25111341534	264
眵	4815	25111354354	264
眸	4816	25111543112	264
圊	4817	25112125111	265
喏	4818	25112213251	265
喵	4819	25112225121	265
啉	4820	25112341234	265
勖	4821	25112511153	265
晞	4822	25113413252	265
唵	4823	25113425115	265
晗	4824	25113445251	266
冕	4825	25113525135	266
啭	4826	25115211154	266
畦	4827	25121121121	266
趺	4828	25121211134	266
啮	4829	25121213452	267
跄	4830	25121213455	267
蚶	4831	25121412211	267
蛄	4832	25121412251	267
蛎	4833	25121413153	267
蛆	4834	25121425111	267
蚰	4835	25121425121	268
蛊	4836	25121425221	268
圉	4837	25121431121	268
蚱	4838	25121431211	268
蛉	4839	25121434454	268
蛏	4840	25121454121	268
蚴	4841	25121455453	268
啁	4842	25135121251	269
啕	4843	25135311252	269
唿	4844	25135334544	269
啐	4845	25141343412	269
唼	4846	25141431531	269
唷	4847	25141542511	269
啖	4848	25143344334	270
啵	4849	25144153254	270
啶	4850	25144512134	270
啷	4851	25145115452	270
唳	4852	25145131344	270
唰	4853	25151325222	270
啜	4854	25154545454	270
帻	4855	25211212534	270
崚	4856	25212134354	270
崦	4857	25213425115	271
帼	4858	25225112141	271
崮	4859	25225122511	271
崤	4860	25234132511	271
崆	4861	25244534121	271
赇	4862	25341241344	272
赈	4863	25341311534	272
赊	4864	25343411234	272
铑	4865	31115121335	272
铒	4866	31115122111	272
铗	4867	31115143134	273
铙	4868	31115153135	273
铟	4869	31115251341	273
铠	4870	31115252515	273
铡	4871	31115253422	273
铢	4872	31115311234	274
铣	4873	31115312135	274
铤	4874	31115312154	274
铧	4875	31115323512	274
铨	4876	31115341121	274
铩	4877	31115341234	274
铪	4878	31115341251	274
铫	4879	31115341534	274
铬	4880	31115354251	274
铮	4881	31115355112	274
铯	4882	31115355215	274
铰	4883	31115413434	274
铱	4884	31115413534	275
铳	4885	31115415435	275
铵	4886	31115445531	275
铷	4887	31115531251	275
氪	4888	31151225135	275
牾	4889	31211251251	275
鸹	4890	31225135451	275
秾	4891	31234453534	276
逶	4892	31234531454	276
笺	4893	31431411534	276
筇	4894	31431412152	276
笸	4895	31431412515	276
笪	4896	31431425111	276
笮	4897	31431431211	277
笠	4898	31431441431	277
笥	4899	31431451251	277
笤	4900	31431453251	277
笳	4901	31431453251	277
笾	4902	31431453454	277
笞	4903	31431454251	277
偾	4904	32121222534	278
偃	4905	32125115315	278
偕	4906	32153532511	278
偈	4907	32251135345	278
傀	4908	32325113554	279
偬	4909	32353344544	279
偻	4910	32431234531	279
皑	4911	32511252515	279
皎	4912	32511413434	280
鸻	4913	33211235451	280
徜	4914	33224325251	280
舸	4915	33541412512	280
舻	4916	33541421513	281
舴	4917	33541431211	281
舷	4918	33541441554	281
龛	4919	34125113534	281
翎	4920	34454541541	282
脬	4921	35113443521	283
脘	4922	35114451135	283
脲	4923	35115132534	283
匐	4924	35125125121	283
猗	4925	35313412512	284
猡	4926	35325221354	284
猞	4927	35334112251	284
猝	4928	35341343412	284
斛	4929	35351124412	284
猕	4930	35351535234	285
馗	4931	35431325111	285
馃	4932	35525111234	285
馄	4933	35525111535	285
鸾	4934	41223435451	285
孰	4935	41251521354	286
庹	4936	41312215134	286
庾	4937	41332151134	286
痔	4938	41341121124	286
痍	4939	41341151534	286
疵	4940	41341212135	286
翊	4941	41431541541	287
旌	4942	41533131121	288
旎	4943	41533151335	288
袤	4944	41545233534	288
阇	4945	42512132511	288
阈	4946	42512511534	288
阉	4947	42513425115	288
阊	4948	42525112511	288
阋	4949	42532151135	288
阍	4950	42535152511	289
阏	4951	42541533444	289
羟	4952	43111354121	289
粝	4953	43123413153	289
粕	4954	43123432511	290
敝	4955	43252343134	290
焐	4956	43341251251	290
烯	4957	43343413252	290
焓	4958	43343445251	290
烽	4959	43343541112	290
焖	4960	43344254544	290
烷	4961	43344451135	291
焗	4962	43345135251	291
渍	4963	44111212534	291
渚	4964	44112132511	291
淇	4965	44112211134	291
淅	4966	44112343312	291
淞	4967	44112343454	291
渎	4968	44112544134	291
涿	4969	44113533434	292
淖	4970	44121251112	292
挲	4971	44123433112	292
淠	4972	44125121132	292
涸	4973	44125122511	293
渑	4974	44125125115	293
淦	4975	44134112431	293
淝	4976	44135115215	293
淬	4977	44141343412	294
涪	4978	44141431251	294
淙	4979	44144511234	294
涫	4980	44144525151	294
渌	4981	44151124134	294
淄	4982	44155525121	295
惬	4983	44211431345	295
悻	4984	44212143112	295
悱	4985	44221112111	295
惝	4986	44224325251	295
惘	4987	44225431415	296
悸	4988	44231234521	296
惆	4989	44235121251	296
惚	4990	44235334544	296
惇	4991	44241251521	296
惮	4992	44243251112	296
窕	4993	44534341534	298
谌	4994	45122111345	298
谏	4995	45125431234	298
扈	4996	45132515215	298
皲	4997	45152153254	298
谑	4998	45215315151	298
裆	4999	45234243511	298
袷	5000	45234341251	299
裉	5001	45234511534	299
谒	5002	45251135345	299
谔	5003	45251251115	299
谕	5004	45341251122	299
谖	5005	45344311354	300
谗	5006	45352513544	300
谙	5007	45414312511	300
谛	5008	45414345252	300
谝	5009	45451325122	300
逯	5010	51124134454	300
郿	5011	52132511152	301
隈	5012	52251211534	301
粜	5013	52252431234	301
隍	5014	52325111121	301
隗	5015	52325113554	301
婧	5016	53111212511	302
婊	5017	53111213534	302
婕	5018	53115112134	302
娼	5019	53125112511	303
婢	5020	53132511312	303
婵	5021	53143251112	303
胬	5022	53154253434	303
袈	5023	53251413534	303
翌	5024	54154141431	303
恿	5025	54251124544	304
欸	5026	54311343534	304
绫	5027	55112134354	304
骐	5028	55112211134	304
绮	5029	55113412512	304
绯	5030	55121112111	304
绱	5031	55124325251	305
骒	5032	55125111234	305
绲	5033	55125111535	305
骓	5034	55132411121	305
绶	5035	55134434554	305
绺	5036	55135424251	305
绻	5037	55143113455	306
绾	5038	55144525151	306
骖	5039	55154134333	306
缁	5040	55155525121	306
耠	5041	111234341251	306
琫	5042	112111134112	307
琵	5043	112111211535	307
琶	5044	112111215215	307
琪	5045	112112211134	307
瑛	5046	112112225134	307
琦	5047	112113412512	307
琥	5048	112121531535	307
琨	5049	112125111535	307
靓	5050	112125112535	308
琰	5051	112143344334	308
琮	5052	112144511234	308
琯	5053	112144525151	308
琬	5054	112144535455	308
琛	5055	112145341234	308
琚	5056	112151312251	308
辇	5057	113411341512	308
鼋	5058	113525125115	309
揳	5059	121111253134	309
堞	5060	121122151234	309
搽	5061	121122341234	309
揸	5062	121123425111	309
揠	5063	121125115315	310
堙	5064	121125221121	310
趄	5065	121213425111	310
揖	5066	121251122111	311
颉	5067	121251132534	311
塄	5068	121252214153	311
揿	5069	121311153534	311
耋	5070	121335154121	312
揄	5071	121341251122	312
蛩	5072	121354251214	312
蛰	5073	121354251214	312
塆	5074	121412234515	312
摒	5075	121513431132	313
揆	5076	121543341134	313
掾	5077	121551353334	313
聒	5078	122111312251	313
葑	5079	122121121124	314
葚	5080	122122111345	314
靰	5081	122125112135	314
靸	5082	122125112354	314
葳	5083	122131531534	314
葺	5084	122251122111	315
葸	5085	122251214544	315
萼	5086	122251251115	315
葆	5087	122322511234	316
葩	5088	122325115215	316
葶	5089	122412514512	316
蒌	5090	122431234531	316
萱	5091	122445125111	317
戟	5092	122511121534	317
葭	5093	122512115154	317
楮	5094	123412132511	317
棼	5095	123412343453	318
椟	5096	123412544134	318
棹	5097	123421251112	318
椤	5098	123425221354	319
棰	5099	123431212211	319
赍	5100	123434452534	319
椋	5101	123441251234	319
椁	5102	123441251521	319
椪	5103	123443122431	320
棣	5104	123451124134	320
椐	5105	123451312251	320
鹁	5106	124552135451	320
覃	5107	125221251112	321
酤	5108	125351112251	321
酢	5109	125351131211	321
酡	5110	125351144535	321
鹂	5111	125425435451	321
厥	5112	134315233534	322
殚	5113	135443251112	323
殛	5114	135452251541	323
雯	5115	145244444134	323
雱	5116	145244444153	323
辊	5117	152125111535	323
辋	5118	152125431415	323
椠	5119	152133121234	323
辍	5120	152154545454	324
辎	5121	152155525121	324
斐	5122	211121114134	324
睄	5123	251112432511	325
睑	5124	251113414431	326
睇	5125	251114351523	326
睃	5126	251115434354	326
戢	5127	251122111534	326
喋	5128	251122151234	326
嗒	5129	251122341251	326
喃	5130	251122543112	326
喱	5131	251132511211	327
喹	5132	251134121121	327
晷	5133	251135424251	327
喈	5134	251153532511	327
跖	5135	251212113251	327
跗	5136	251212132124	328
跞	5137	251212135234	328
跚	5138	251212135351	328
跎	5139	251212144535	328
跏	5140	251212153251	328
跆	5141	251212154251	328
蛱	5142	251214143134	328
蛲	5143	251214153135	328
蛭	5144	251214154121	329
蛳	5145	251214231252	329
蛐	5146	251214251221	329
蛔	5147	251214252511	329
蛞	5148	251214312251	329
蛴	5149	251214413432	329
蛟	5150	251214413434	329
蛘	5151	251214431112	329
喁	5152	251251125214	330
喟	5153	251251212511	330
啾	5154	251312344334	330
嗖	5155	251321511254	330
喑	5156	251414312511	330
嗟	5157	251431113121	331
喽	5158	251431234531	331
嗞	5159	251431554554	331
喀	5160	251445354251	331
喔	5161	251513154121	331
喙	5162	251551353334	331
嵘	5163	252122451234	331
嵖	5164	252123425111	331
崴	5165	252131531534	332
遄	5166	252132522454	332
詈	5167	252214111251	332
嵎	5168	252251125214	332
崽	5169	252251214544	332
嵬	5170	252325113554	332
嵛	5171	252341251122	332
嵯	5172	252431113121	332
嵝	5173	252431234531	333
嵫	5174	252431554554	333
幄	5175	252513154121	333
嵋	5176	252521325111	333
赕	5177	253443344334	334
铻	5178	311151251251	334
铼	5179	311151431234	334
铿	5180	311152254121	334
锃	5181	311152511121	335
锂	5182	311152511211	335
锆	5183	311153121251	335
锇	5184	311153121534	335
锉	5185	311153434121	335
锏	5186	311154252511	336
锑	5187	311154351523	336
锒	5188	311154511534	336
锔	5189	311155135251	336
锕	5190	311155212512	336
掣	5191	311252223112	336
矬	5192	311343434121	337
氰	5193	311511212511	337
毳	5194	311531153115	337
毽	5195	311551111254	337
犊	5196	312112544134	337
犄	5197	312113412512	337
犋	5198	312125111134	337
鹄	5199	312125135451	337
犍	5200	312151111254	337
嵇	5201	312341354252	338
黍	5202	312343424134	338
稃	5203	312343443521	338
稂	5204	312344511534	338
筚	5205	314314153512	339
筵	5206	314314321554	339
筌	5207	314314341121	339
傣	5208	321113424134	340
傈	5209	321252211234	340
舄	5210	321511354444	340
牍	5211	321512544134	340
傥	5212	322434525135	340
傧	5213	324453212134	341
遑	5214	325111121454	341
傩	5215	325432411121	341
遁	5216	331225111454	341
徨	5217	332325111121	342
媭	5218	333132534531	342
畲	5219	341123425121	342
弑	5220	341234112154	342
颌	5221	341251132534	342
翕	5222	341251541541	343
釉	5223	343123425121	343
鹆	5224	343425135451	343
舜	5225	344345354152	343
貂	5226	344353353251	343
腈	5227	351111212511	343
腌	5228	351113425115	343
腓	5229	351121112111	343
腆	5230	351125122134	344
腴	5231	351132151134	344
腑	5232	351141332124	344
腚	5233	351144512134	344
腱	5234	351151111254	344
鱿	5235	352512111354	345
鲀	5236	352512111525	345
鲂	5237	352512114153	345
颍	5238	352534132534	345
猢	5239	353122513511	345
猹	5240	353123425111	345
猥	5241	353251211534	345
飓	5242	353425111134	346
觞	5243	353511231533	346
觚	5244	353511233544	346
猱	5245	353545231234	346
颎	5246	354334132534	346
飧	5247	354344511534	346
馇	5248	355123425111	346
馊	5249	355321511254	347
亵	5250	411213543534	347
脔	5251	412234253434	347
裒	5252	413215113534	347
痣	5253	413411214544	348
痨	5254	413411224553	348
痦	5255	413411251251	348
痞	5256	413411324251	348
痤	5257	413413434121	348
痫	5258	413414251234	348
痧	5259	413414412343	348
赓	5260	413511342534	348
竦	5261	414311251234	349
瓿	5262	414312511554	349
啻	5263	414345252251	349
颏	5264	415334132534	349
鹇	5265	425123435451	349
阑	5266	425125431234	349
阒	5267	425251111344	349
阕	5268	425543341134	350
粞	5269	431234125351	350
遒	5270	431253511454	350
孳	5271	431554554521	350
焯	5272	433421251112	351
焜	5273	433425111535	351
焙	5274	433441431251	351
焱	5275	433443344334	351
鹈	5276	435152335451	351
湛	5277	441122111345	351
渫	5278	441122151234	351
湮	5279	441125221121	352
湎	5280	441132522111	352
湜	5281	441251112134	352
渭	5282	441251212511	353
湍	5283	441252132522	353
湫	5284	441312344334	353
溲	5285	441321511254	353
湟	5286	441325111121	353
溆	5287	441341123454	353
湲	5288	441344311354	353
湔	5289	441431251122	354
湉	5290	441442312251	354
渥	5291	441513154121	354
湄	5292	441521325111	355
滁	5293	441523411234	355
愠	5294	442251125221	355
惺	5295	442251131121	355
愦	5296	442251212534	355
惴	5297	442252132522	355
愀	5298	442312344334	356
愎	5299	442312511354	356
愔	5300	442414312511	356
喾	5301	443453121251	356
寐	5302	445521311234	357
谟	5303	451222511134	357
扉	5304	451321112111	357
裢	5305	452341512454	358
裎	5306	452342511121	358
裥	5307	452344252511	358
祾	5308	452412134354	358
祺	5309	452412211134	358
谠	5310	452434525135	358
幂	5311	452511134252	358
谡	5312	452512134354	359
谥	5313	454313425221	359
谧	5314	454543425221	359
遐	5315	512115154454	359
孱	5316	513521521521	359
弼	5317	515132511515	359
巽	5318	515515122134	360
骘	5319	522121233551	360
媪	5320	531251125221	360
媛	5321	531344311354	361
婷	5322	531412514512	361
巯	5323	541214154325	361
翚	5324	541541451512	361
皴	5325	543435453254	361
婺	5326	545233134531	362
骛	5327	545233134551	362
缂	5328	551122125112	362
缃	5329	551123425111	362
缄	5330	551131251534	362
彘	5331	551153113435	362
缇	5332	551251112134	362
缈	5333	551251112343	362
缌	5334	551251214544	363
缑	5335	551325131134	363
缒	5336	551325151454	363
缗	5337	551515152511	363
飨	5338	553344511534	364
耢	5339	1112341224553	364
瑚	5340	1121122513511	364
瑁	5341	1121251125111	364
瑜	5342	1121341251122	365
瑗	5343	1121344311354	365
瑄	5344	1121445125111	365
瑕	5345	1121512115154	365
遨	5346	1121533134454	365
骜	5347	1121533134551	365
韫	5348	1152251125221	366
髡	5349	1211154333135	366
塬	5350	1211332511234	366
鄢	5351	1212115444452	366
趔	5352	1212134135422	367
趑	5353	1212134413534	367
摅	5354	1212153154544	367
摁	5355	1212513414544	367
蜇	5356	1213312251214	367
搋	5357	1213321531535	367
搪	5358	1214135112251	368
搐	5359	1214155425121	368
搛	5360	1214315112234	368
搠	5361	1214315233511	368
摈	5362	1214453212134	368
彀	5363	1214515153554	368
毂	5364	1214515213554	368
搦	5365	1215154151541	368
搡	5366	1215454541234	369
蓁	5367	1221113431234	369
戡	5368	1221113451534	369
蓍	5369	1221213352511	369
鄞	5370	1221251112152	369
靳	5371	1221251123312	369
蓐	5372	1221311534124	370
蓦	5373	1222511134551	370
鹋	5374	1222512135451	370
蒽	5375	1222513414544	370
蓓	5376	1223241431251	370
蓖	5377	1223253411535	370
蓊	5378	1223454541541	370
蒯	5379	1223511351122	370
蓟	5380	1223525121122	371
蓑	5381	1224125113534	371
蒿	5382	1224125125251	371
蒺	5383	1224134131134	371
蓠	5384	1224134522554	371
蒟	5385	1224143135251	371
蒡	5386	1224143454153	371
蒹	5387	1224315112234	371
蒴	5388	1224315233511	371
蒗	5389	1224414511534	371
蓥	5390	1224534112431	372
颐	5391	1225125132534	372
楔	5392	1234111253134	372
楠	5393	1234122543112	373
楂	5394	1234123425111	373
楝	5395	1234125431234	373
楫	5396	1234251122111	373
楸	5397	1234312344334	373
椴	5398	1234321113554	374
槌	5399	1234325151454	374
楯	5400	1234331225111	374
皙	5401	1234331232511	374
榈	5402	1234425251251	374
槎	5403	1234431113121	374
榉	5404	1234443134112	374
楦	5405	1234445125111	374
楣	5406	1234521325111	375
楹	5407	1234535425221	375
椽	5408	1234551353334	375
裘	5409	1241344413534	375
剽	5410	1252211123422	375
甄	5411	1252211211554	375
酮	5412	1253511251251	375
酰	5413	1253511312135	375
酯	5414	1253511352511	375
酩	5415	1253511354251	375
蜃	5416	1311534251214	376
碛	5417	1325111212534	376
碓	5418	1325132411121	376
硼	5419	1325135113511	376
碉	5420	1325135121251	377
碚	5421	1325141431251	377
碇	5422	1325144512134	377
碜	5423	1325154134333	377
鹌	5424	1342511535451	377
辏	5425	1521111341134	378
龃	5426	2121345225111	378
龅	5427	2121345235515	379
訾	5428	2121354111251	379
粲	5429	2135454431234	379
虞	5430	2153152511134	379
睚	5431	2511113121121	379
嗪	5432	2511113431234	380
韪	5433	2511121341152	380
嗷	5434	2511121533134	380
嗉	5435	2511121554234	380
睨	5436	2511132151135	380
睢	5437	2511132411121	380
雎	5438	2511132411121	380
睥	5439	2511132511312	380
嘟	5440	2511213251152	380
嗑	5441	2511215425221	381
嗫	5442	2511221115454	381
嗬	5443	2511223212512	381
嗔	5444	2511225111134	381
嗝	5445	2511251254312	381
戥	5446	2511311211534	381
嗄	5447	2511325111354	381
煦	5448	2511352514444	382
暄	5449	2511445125111	382
遢	5450	2511541541454	382
暌	5451	2511543341134	382
跬	5452	2512121121121	382
跶	5453	2512121134454	383
跸	5454	2512121153512	383
跐	5455	2512121212135	383
跣	5456	2512121312135	383
跹	5457	2512121312454	383
跻	5458	2512121413432	383
蛸	5459	2512142432511	384
蜊	5460	2512143123422	384
蜍	5461	2512143411234	384
蜉	5462	2512143443521	384
蜣	5463	2512144311135	384
畹	5464	2512144535455	384
蛹	5465	2512145425112	384
嗣	5466	2512512251251	385
嗯	5467	2512513414544	385
嗥	5468	2513251113412	385
嗲	5469	2513434354354	385
嗳	5470	2513443451354	385
嗌	5471	2514313425221	385
嗍	5472	2514315233511	385
嗨	5473	2514413155414	385
嗐	5474	2514451112251	385
嗤	5475	2515221251214	385
嗵	5476	2515425112454	385
罨	5477	2522113425115	386
嵊	5478	2523122113534	386
嵩	5479	2524125125251	386
嵴	5480	2524134342511	386
骰	5481	2554525113554	386
锗	5482	3111512132511	387
锛	5483	3111513412132	387
锜	5484	3111513412512	387
锝	5485	3111525111124	387
锞	5486	3111525111234	387
锟	5487	3111525111535	387
锢	5488	3111525122511	387
锨	5489	3111533123534	388
锩	5490	3111543113455	388
锭	5491	3111544512134	388
锱	5492	3111555525121	389
雉	5493	3113432411121	389
氲	5494	3115251125221	389
犏	5495	3121451325122	389
歃	5496	3123215113534	389
稞	5497	3123425111234	389
稗	5498	3123432511312	389
稔	5499	3123434454544	390
筠	5500	3143141213541	390
筢	5501	3143141215215	390
筮	5502	3143141234341	390
筲	5503	3143142432511	390
筱	5504	3143143223134	391
牒	5505	3215122151234	391
煲	5506	3225112344334	391
敫	5507	3251141533134	392
徭	5508	3323443311252	392
愆	5509	3324411124544	392
艄	5510	3354142432511	392
觎	5511	3412511222535	392
毹	5512	3412511223115	393
貊	5513	3443533132511	393
貅	5514	3443533321234	393
貉	5515	3443533354251	393
颔	5516	3445251132534	393
腠	5517	3511111341134	393
腩	5518	3511122543112	393
腼	5519	3511132522111	393
腭	5520	3511251251115	394
腧	5521	3511341251122	394
塍	5522	3511431134121	394
媵	5523	3511431134531	394
詹	5524	3513344111251	395
鲅	5525	3525121113544	395
鲆	5526	3525121114312	395
鲇	5527	3525121121251	395
鲈	5528	3525121121513	395
稣	5529	3525121131234	395
鲋	5530	3525121132124	395
鲐	5531	3525121154251	396
肄	5532	3531134511112	396
鹐	5533	3532151135451	396
飕	5534	3534321511254	396
觥	5535	3535112243135	396
遛	5536	3545325121454	397
馐	5537	3554311135211	397
鹑	5538	4125152135451	397
亶	5539	4125251125111	397
瘃	5540	4134113533434	398
痱	5541	4134121112111	398
痼	5542	4134125122511	398
痿	5543	4134131234531	398
瘐	5544	4134132151134	398
瘁	5545	4134141343412	398
瘆	5546	4134154134333	398
麂	5547	4135221153535	399
裔	5548	4135342534251	399
歆	5549	4143125113534	399
旒	5550	4153314154325	399
雍	5551	4155332411121	399
阖	5552	4251215425221	400
阗	5553	4251225111134	400
阙	5554	4254315233534	400
羧	5555	4311135434354	400
豢	5556	4311341353334	400
粳	5557	4312341251134	400
猷	5558	4312535111344	400
煳	5559	4334122513511	401
煜	5560	4334251141431	401
煨	5561	4334251211534	401
煅	5562	4334321113554	401
煊	5563	4334445125111	401
煸	5564	4334451325122	402
煺	5565	4334511534454	402
滟	5566	4411112355215	402
溱	5567	4411113431234	402
溘	5568	4411215425221	402
漭	5569	4411221344132	402
滢	5570	4411224511214	402
溥	5571	4411251124124	402
溧	5572	4411252211234	403
溽	5573	4411311534124	403
裟	5574	4412343413534	403
溻	5575	4412511541541	403
溷	5576	4412513533341	403
滗	5577	4413143143115	403
滫	5578	4413223542511	403
溴	5579	4413251111344	403
滏	5580	4413434112431	404
滃	5581	4413454541541	404
滦	5582	4414122341234	404
溏	5583	4414135112251	404
滂	5584	4414143454153	404
滓	5585	4414454143112	405
溟	5586	4414525114134	405
滪	5587	4415452132534	405
愫	5588	4421121554234	405
慑	5589	4421221115454	405
慊	5590	4424315112234	406
鲎	5591	4434535251211	406
骞	5592	4451122134551	406
窦	5593	4453412544134	406
窠	5594	4453425111234	406
窣	5595	4453441343412	406
裱	5596	4523411213534	407
褚	5597	4523412132511	407
裨	5598	4523432511312	407
裾	5599	4523451312251	407
裰	5600	4523454545454	407
禊	5601	4524111253134	407
谩	5602	4525112522154	408
谪	5603	4541432512251	408
媾	5604	5311122125211	409
嫫	5605	5311222511134	409
媲	5606	5313253411535	409
嫒	5607	5313443451354	409
嫔	5608	5314453212134	409
媸	5609	5315221251214	409
缙	5610	5511224312511	410
缜	5611	5511225111134	410
缛	5612	5511311534124	410
辔	5613	5511512551251	410
骝	5614	5513545325121	410
缟	5615	5514125125251	410
缡	5616	5514134522554	411
缢	5617	5514313425221	411
缣	5618	5514315112234	411
骟	5619	5514513541541	411
耥	5620	11123424325251	411
璈	5621	11211121533134	411
瑶	5622	11213443311252	412
瑭	5623	11214135112251	412
獒	5624	11215331341344	412
觏	5625	11221252112535	412
慝	5626	11221325154544	412
嫠	5627	11234313413531	412
韬	5628	11523443321511	413
叆	5629	11543443451354	413
髦	5630	12111543333115	413
摽	5631	12112522111234	413
墁	5632	12125112522154	413
撂	5633	12125121354251	413
摞	5634	12125121554234	414
撄	5635	12125342534531	414
翥	5636	12132511541541	414
踅	5637	12133122512134	414
摭	5638	12141312214444	414
墉	5639	12141351125112	414
墒	5640	12141432534251	415
榖	5641	12145112343554	415
綦	5642	12211134554234	415
蔫	5643	12212121154444	415
蔷	5644	12212431252511	415
靺	5645	12212511211234	415
靼	5646	12212511225111	415
鞅	5647	12212511225134	416
靿	5648	12212511255453	416
甍	5649	12225221451554	416
蔸	5650	12232511355135	416
蔟	5651	12241533131134	417
蔺	5652	12242532411121	417
戬	5653	12243125111534	417
蕖	5654	12244115151234	417
蔻	5655	12244511352154	417
蓿	5656	12244532132511	417
斡	5657	12251112344412	417
鹕	5658	12251351135451	418
蓼	5659	12254154134333	418
榛	5660	12341113431234	418
榧	5661	12341211121115	418
榻	5662	12342511541541	418
榫	5663	12343241112112	419
榭	5664	12343251113124	419
槔	5665	12343251113412	419
榱	5666	12344125113534	419
槁	5667	12344125125251	419
槟	5668	12344453212134	419
槠	5669	12344512132511	419
榷	5670	12344532411121	419
僰	5671	12523412523434	420
酽	5672	12535111224313	420
酶	5673	12535113155414	420
酹	5674	12535113443124	420
厮	5675	13122111343312	421
碡	5676	13251112155414	421
碴	5677	13251123425111	421
碣	5678	13251251135345	421
碲	5679	13251414345252	422
磋	5680	13251431113121	422
臧	5681	13513125125534	422
豨	5682	13533343413252	422
殡	5683	13544453212134	422
霆	5684	14524444312154	422
霁	5685	14524444413432	422
辕	5686	15211212513534	422
蜚	5687	21112111251214	423
裴	5688	21112111413534	423
翡	5689	21112111541541	423
龇	5690	21213452212135	423
龈	5691	21213452511534	423
睿	5692	21451343425111	423
䁖	5693	25111431234531	424
睽	5694	25111543341134	424
嘞	5695	25112212511253	424
嘈	5696	25112512212511	424
嘌	5697	25112522111234	424
嘁	5698	25113211234534	424
嘎	5699	25113251111534	424
暧	5700	25113443451354	424
暝	5701	25114525114134	424
踌	5702	25121211113124	425
踉	5703	25121214511534	425
蜞	5704	25121412211134	425
蜥	5705	25121412343312	425
蜮	5706	25121412511534	425
蝈	5707	25121425112141	425
蜴	5708	25121425113533	425
蜱	5709	25121432511312	426
蜩	5710	25121435121251	426
蜷	5711	25121443113455	426
蜿	5712	25121444535455	426
螂	5713	25121445115452	426
蜢	5714	25121452125221	426
嘘	5715	25121531522431	426
嘡	5716	25124345251121	426
鹗	5717	25125111535451	426
嘣	5718	25125235113511	426
嘤	5719	25125342534531	426
嘚	5720	25133225111124	426
嗾	5721	25141533131134	427
嘧	5722	25144545434252	427
罴	5723	25221121544444	427
罱	5724	25221122543112	427
幔	5725	25225112522154	427
嶂	5726	25241431251112	427
幛	5727	25241431251112	427
赙	5728	25341251124124	427
罂	5729	25342534311252	427
骷	5730	25545251112251	428
骶	5731	25545251135154	428
鹘	5732	25545251135451	428
锲	5733	31115111253134	428
锴	5734	31115153532511	428
锶	5735	31115251214544	428
锷	5736	31115251251115	428
锸	5737	31115312321511	428
锵	5738	31115412354124	429
镁	5739	31115431121134	429
镂	5740	31115431234531	429
犒	5741	31214125125251	429
箐	5742	31431411212511	430
箦	5743	31431411212534	430
箧	5744	31431411431345	430
箍	5745	31431412112525	430
箸	5746	31431412132511	430
箬	5747	31431412213251	430
箅	5748	31431425121132	431
箪	5749	31431443251112	431
箔	5750	31431444132511	431
箜	5751	31431444534121	431
箢	5752	31431444535455	431
箓	5753	31431451124134	431
毓	5754	31554144154325	431
僖	5755	32121251431251	431
儆	5756	32122352513134	431
僳	5757	32125221431234	432
僭	5758	32153515352511	432
劁	5759	32411121444422	432
僮	5760	32414312511211	432
魃	5761	32511355413544	432
魆	5762	32511355415534	432
睾	5763	32522112143112	433
艋	5764	33541452125221	433
鄱	5765	34312342512152	433
膈	5766	35111251254312	433
膑	5767	35114453212134	433
鲑	5768	35251211121121	433
鲔	5769	35251211132511	434
鲚	5770	35251211413432	434
鲛	5771	35251211413434	434
鲟	5772	35251211511124	434
獐	5773	35341431251112	435
觫	5774	35351121251234	435
雒	5775	35425132411121	435
夤	5776	35444512512134	435
馑	5777	35512212511121	435
銮	5778	41223434112431	435
塾	5779	41251521354121	436
麽	5780	41312341234354	436
瘌	5781	41341125123422	436
瘊	5782	41341325131134	437
瘘	5783	41341431234531	437
瘙	5784	41341544251214	437
廖	5785	41354154134333	437
韶	5786	41431251153251	437
旖	5787	41533113412512	437
膂	5788	41533135342511	438
阚	5789	42551221113134	438
鄯	5790	43111243125152	438
鲞	5791	43113435251211	438
粿	5792	43123425111234	438
粼	5793	43123435415255	438
粽	5794	43123444511234	438
糁	5795	43123454134333	438
槊	5796	43152335111234	438
鹚	5797	43155455435451	438
熘	5798	43343545325121	439
熥	5799	43345425112454	439
潢	5800	44112212512134	439
漕	5801	44112512212511	440
滹	5802	44121531534312	440
漯	5803	44125121554234	440
漶	5804	44125125124544	440
潋	5805	44134144313134	440
潴	5806	44135312132511	440
漪	5807	44135313412512	441
漉	5808	44141352211535	441
漳	5809	44141431251112	441
漩	5810	44141533152134	441
澉	5811	44151221113134	441
潍	5812	44155132411121	441
慵	5813	44241351125112	442
搴	5814	44511221343112	442
窨	5815	44534414312511	442
寤	5816	44552131251251	442
綮	5817	45133134554234	443
谮	5818	45153515352511	443
褡	5819	45234122341251	443
褙	5820	45234211352511	443
褓	5821	45234322511234	443
褛	5822	45234431234531	443
褊	5823	45234451325122	443
谯	5824	45324111214444	444
谰	5825	45425125431234	444
谲	5826	45545232534251	444
暨	5827	51154153525111	444
屣	5828	51333221212134	444
鹛	5829	52132511135451	444
嫣	5830	53112121154444	444
嫱	5831	53112431252511	444
嫖	5832	53112522111234	445
嫦	5833	53124345251252	445
嫚	5834	53125112522154	445
嫘	5835	53125121554234	445
嫡	5836	53141432512251	445
鼐	5837	53251115132125	445
翟	5838	54154132411121	445
瞀	5839	54523313425111	446
鹜	5840	54523313435451	446
骠	5841	55112522111234	446
缥	5842	55112522111234	446
缦	5843	55125112522154	446
缧	5844	55125121554234	446
缨	5845	55125342534531	446
骢	5846	55132535414544	446
缪	5847	55154154134333	446
缫	5848	55155525111234	446
耦	5849	111234251125214	447
耧	5850	111234431234531	447
瑾	5851	112112212511121	447
璜	5852	112112212512134	447
璀	5853	112125232411121	447
璎	5854	112125342534531	447
璁	5855	112132535414544	447
璋	5856	112141431251112	448
璇	5857	112141533152134	448
奭	5858	113251113251134	448
髯	5859	121115433325211	448
髫	5860	121115433353251	448
撷	5861	121121251132534	448
撅	5862	121134315233534	449
赭	5863	121323412132511	450
撸	5864	121352512112511	450
鋆	5865	121354134112431	450
撙	5866	121431253511124	451
撺	5867	121445342512512	451
墀	5868	121513241343112	451
聩	5869	122111251212534	451
觐	5870	122125111212535	451
鞑	5871	122125112134454	451
蕙	5872	122125112144544	452
鞒	5873	122125112313432	452
蕈	5874	122125221251112	452
蕨	5875	122134315233534	452
蕤	5876	122135333431121	452
蕞	5877	122251112211154	452
蕺	5878	122251122111534	452
瞢	5879	122252214525111	452
蕃	5880	122343123425121	453
蕲	5881	122432511123312	453
赜	5882	122512511212534	453
槿	5883	123412212511121	454
樯	5884	123412431252511	454
槭	5885	123413211234534	454
樗	5886	123414524444115	454
樘	5887	123424345251121	454
樊	5888	123434341234134	455
槲	5889	123435351124412	455
醌	5890	125351125111535	456
醅	5891	125351141431251	456
靥	5892	131344132522111	456
魇	5893	131344325113554	456
餍	5894	131344344511534	456
磔	5895	132513541521234	456
磙	5896	132514134543534	457
霈	5897	145244444411252	458
辘	5898	152141352211535	458
龉	5899	212134521251251	458
龊	5900	212134522512134	458
觑	5901	215315224312535	458
瞌	5902	251111215425221	458
瞋	5903	251111225111134	458
瞑	5904	251114525114134	459
嘭	5905	251121251431333	459
噎	5906	251121451251431	459
噶	5907	251122251135345	459
颙	5908	251125214132534	460
暹	5909	251132411121454	460
噘	5910	251134315233534	460
踔	5911	251212121251112	460
踝	5912	251212125111234	460
踟	5913	251212131134251	461
踒	5914	251212131234531	461
踬	5915	251212133122534	461
踮	5916	251212141321251	461
踯	5917	251212143113452	461
踺	5918	251212151111254	462
踞	5919	251212151312251	462
蝽	5920	251214111342511	462
蝾	5921	251214122451234	462
蝻	5922	251214122543112	462
蝰	5923	251214134121121	463
蝮	5924	251214312511354	463
螋	5925	251214321511254	463
蝓	5926	251214341251122	463
蝣	5927	251214415331521	463
蝼	5928	251214431234531	463
噗	5929	251224314311134	464
嘬	5930	251251112211154	464
颚	5931	251251115132534	464
噍	5932	251324111214444	464
噢	5933	251325431234134	464
噙	5934	251344134522554	464
噜	5935	251352512112511	464
噌	5936	251432524312511	465
噔	5937	251543341251431	465
颛	5938	252132522132534	465
幞	5939	252224314311134	465
幡	5940	252343123425121	466
嶙	5941	252431234354152	466
嶝	5942	252543341251431	466
骺	5943	255452511331251	466
骼	5944	255452511354251	467
骸	5945	255452511415334	467
镊	5946	311151221115454	467
镉	5947	311151251254312	467
镌	5948	311153241112153	467
镍	5949	311153251111234	467
镏	5950	311153545325121	468
镒	5951	311154313425221	468
镓	5952	311154451353334	468
镔	5953	311154453212134	468
稷	5954	312342512134354	469
箴	5955	314314131251534	469
篑	5956	314314251212534	469
篁	5957	314314325111121	470
篌	5958	314314325131134	470
篆	5959	314314551353334	470
牖	5960	321545131251124	470
儋	5961	323513344111251	470
徵	5962	332252111213134	471
磐	5963	335414355413251	471
虢	5964	344312421531535	472
鹞	5965	344331125235451	472
膘	5966	351112522111234	472
滕	5967	351143113424134	472
鲠	5968	352512111251134	472
鲡	5969	352512111254254	472
鲢	5970	352512111512454	473
鲣	5971	352512112254121	473
鲥	5972	352512112511124	473
鲧	5973	352512113554234	473
鲩	5974	352512114451135	473
獗	5975	353134315233534	474
獠	5976	353134432511234	474
觯	5977	353511243251112	474
馓	5978	355122125113134	474
馔	5979	355515515122134	474
麾	5980	413123412343115	475
廛	5981	413251121134121	475
瘛	5982	413411112534544	475
瘼	5983	413411222511134	475
瘢	5984	413413354143554	475
瘠	5985	413414134342511	475
齑	5986	413432211121111	476
羯	5987	431113251135345	476
羰	5988	431113252134334	476
𥻗	5989	431234123425111	476
遴	5990	431234354152454	477
糌	5991	431234354242511	477
糍	5992	431234431554554	477
糅	5993	431234545231234	477
熜	5994	433432535414544	478
熵	5995	433441432534251	478
熠	5996	433454154132511	478
澍	5997	441121251431124	478
澌	5998	441122111343312	478
潸	5999	441123412342511	479
潦	6000	441134432511234	479
潲	6001	441312342432511	479
鋈	6002	441313434112431	479
潟	6003	441321511354444	480
潼	6004	441414312511211	480
潺	6005	441513521521521	481
憬	6006	442251141251234	481
憧	6007	442414312511211	481
寮	6008	445134432511234	482
窳	6009	445343354433544	482
谳	6010	451225431121344	482
褴	6011	452342231425221	482
褟	6012	452342511541541	483
褫	6013	452343321531535	483
谵	6014	453513344111251	483
熨	6015	513112341244334	483
屦	6016	513332431234531	484
嬉	6017	531121251431251	484
勰	6018	535353251214544	484
戮	6019	541541343331534	484
蝥	6020	545233134251214	484
缬	6021	551121251132534	485
缮	6022	551431112431251	485
缯	6023	551432524312511	485
骣	6024	551513521521521	485
畿	6025	554554125121534	485
耩	6026	1112341122125211	485
耨	6027	1112341311534124	485
耪	6028	1112344143454153	486
璞	6029	1121224314311134	486
璟	6030	1121251141251234	486
靛	6031	1121251144512134	486
璠	6032	1121343123425121	486
璘	6033	1121431234354152	486
聱	6034	1121533134122111	486
螯	6035	1121533134251214	486
髻	6036	1211154333121251	487
髭	6037	1211154333212135	487
髹	6038	1211154333321234	487
擀	6039	1211225111234112	487
熹	6040	1212514312514444	487
甏	6041	1212514313331554	488
擞	6042	1214312345313134	488
縠	6043	1214515542343554	488
磬	6044	1215213355413251	488
颞	6045	1221115454132534	488
蕻	6046	1221211154122134	488
鞘	6047	1221251122432511	489
颟	6048	1221253434132534	489
薤	6049	1221354211121111	489
薨	6050	1222522145135435	490
檠	6051	1223525131341234	490
薏	6052	1224143125114544	490
薮	6053	1224312345313134	490
薜	6054	1225132514143112	491
薅	6055	1225311311534124	491
樾	6056	1234121213415534	491
橛	6057	1234134315233534	491
橇	6058	1234311531153115	492
樵	6059	1234324111214444	492
檎	6060	1234344134522554	492
橹	6061	1234352512112511	492
樽	6062	1234431253511124	492
樨	6063	1234513241343112	492
橼	6064	1234551551353334	493
墼	6065	1251112523554121	493
橐	6066	1251245132511234	493
翮	6067	1251254312541541	493
醛	6068	1253511122341121	493
醐	6069	1253511122513511	493
醍	6070	1253511251112134	493
醚	6071	1253511431234454	494
磲	6072	1325144115151234	494
赝	6073	1332324111212534	494
飙	6074	1344134413443534	494
殪	6075	1354121451251431	495
霖	6076	1452444412341234	495
霏	6077	1452444421112111	495
霓	6078	1452444432151135	495
錾	6079	1521331234112431	495
辚	6080	1521431234354152	495
臻	6081	1541211113431234	496
遽	6082	2153151353334454	496
氅	6083	2432525131343115	496
瞟	6084	2511112522111234	497
瞠	6085	2511124345251121	497
瞰	6086	2511151221113134	497
嚄	6087	2511223241112154	497
嚆	6088	2511224125125251	497
噤	6089	2511234123411234	497
暾	6090	2511412515213134	497
蹀	6091	2512121122151234	498
踹	6092	2512121252132522	498
踵	6093	2512121312511211	498
踽	6094	2512121325125214	498
蹉	6095	2512121431113121	499
蹁	6096	2512121451325122	499
螨	6097	2512141221253434	499
蟒	6098	2512141221344132	499
螈	6099	2512141332511234	499
螅	6100	2512143251114544	499
螭	6101	2512144134522554	499
螠	6102	2512144313425221	500
螟	6103	2512144525114134	500
噱	6104	2512153151353334	500
噬	6105	2513143141234341	500
噫	6106	2514143125114544	500
噻	6107	2514451122134121	501
噼	6108	2515132514143112	501
罹	6109	2522144232411121	501
圜	6110	2525221125135341	501
䦃	6111	3111512212132511	502
镖	6112	3111512522111234	502
镗	6113	3111524345251121	502
镘	6114	3111525112522154	502
镚	6115	3111525235113511	502
镛	6116	3111541351125112	502
镝	6117	3111541432512251	503
镞	6118	3111541533131134	503
镠	6119	3111554154134333	503
氇	6120	3115352512112511	503
氆	6121	3115431224312511	503
憩	6122	3122513251114544	503
穑	6123	3123412431252511	503
篝	6124	3143141122125211	504
篥	6125	3143141252211234	504
篦	6126	3143143253411535	505
篪	6127	3143143321531535	505
篙	6128	3143144125125251	505
盥	6129	3211253451125221	505
劓	6130	3251112512113222	505
翱	6131	3251113412541541	505
魉	6132	3251135541253434	506
魈	6133	3251135542432511	506
徼	6134	3323251141533134	506
歙	6135	3412515415413534	506
膳	6136	3511431112431251	506
膦	6137	3511431234354152	507
膙	6138	3511515251251214	507
鲮	6139	3525121112134354	507
鲱	6140	3525121121112111	507
鲲	6141	3525121125111535	508
鲳	6142	3525121125112511	508
鲴	6143	3525121125122511	508
鲵	6144	3525121132151135	508
鲷	6145	3525121135121251	508
鲻	6146	3525121155525121	508
獴	6147	3531224511353334	508
獭	6148	3531251234352534	509
獬	6149	3533535112533112	509
邂	6150	3535112533112454	509
鹧	6151	4131221444435451	509
廨	6152	4133535112533112	509
赟	6153	4134112121542534	509
瘰	6154	4134125121554234	510
廪	6155	4134125251111234	510
瘿	6156	4134125342534531	510
瘵	6157	4134135445411234	510
瘴	6158	4134141431251112	510
癃	6159	4134152354131121	510
瘳	6160	4134154154134333	510
斓	6161	4134425125431234	511
麇	6162	4135221153531234	511
麈	6163	4135221153541121	511
嬴	6164	4152513511531354	511
壅	6165	4155332411121121	511
羲	6166	4311213123415534	512
糗	6167	4312343251111344	512
瞥	6168	4325234313425111	512
甑	6169	4325243125111554	512
燎	6170	4334134432511234	512
燠	6171	4334325431234134	513
燔	6172	4334343123425121	513
燧	6173	4334431353334454	513
濑	6174	4411251234352534	514
濉	6175	4412511132411121	514
潞	6176	4412512121354251	514
澧	6177	4412512211251431	514
澹	6178	4413513344111251	515
澥	6179	4413535112533112	515
澶	6180	4414125251125111	515
濂	6181	4414134315112234	515
褰	6182	4451122134413534	516
寰	6183	4452522112513534	516
窸	6184	4453434312344544	516
褶	6185	4523454154132511	516
禧	6186	4524121251431251	516
嬖	6187	5132514143112531	517
犟	6188	5152512512143112	517
隰	6189	5225115545544444	517
嬗	6190	5314125251125111	517
颡	6191	5454541234132534	517
缱	6192	5512512125151454	518
缲	6193	5512512512511234	518
缳	6194	5512522112513534	518
璨	6195	11212135454431234	518
璩	6196	11212153151353334	518
璐	6197	11212512121354251	518
璪	6198	11212512512511234	519
螫	6199	12132343134251214	519
擤	6200	12132511125121132	519
壕	6201	12141251451353334	519
觳	6202	12145135351123554	520
罄	6203	12152133554311252	520
擢	6204	12154154132411121	520
薹	6205	12212125145154121	520
鞡	6206	12212511212141431	520
鞬	6207	12212511251111254	520
薷	6208	12214524444132522	520
薰	6209	12231254312114444	521
藓	6210	12235251211431112	521
藁	6211	12241251252511234	521
檄	6212	12343251141533134	521
檩	6213	12344125251111234	522
懋	6214	12345452312344544	522
醢	6215	12535111325125221	522
翳	6216	13113453554541541	522
礅	6217	13251412515213134	523
磴	6218	13251543341251431	523
鹩	6219	13443251123435451	523
龋	6220	21213452325125214	523
龌	6221	21213452513154121	523
豳	6222	21353334135333452	524
壑	6223	21451343425154121	524
黻	6224	22431432523413544	524
嚏	6225	25112452512152134	525
嚅	6226	25114524444132522	525
蹑	6227	25121211221115454	525
蹒	6228	25121211221253434	525
蹊	6229	25121213443554134	525
蟥	6230	25121412212512134	526
螬	6231	25121412512212511	526
螵	6232	25121412522111234	526
疃	6233	25121414312511211	526
螳	6234	25121424345251121	526
蟑	6235	25121441431251112	526
嚓	6236	25144535445411234	527
羁	6237	25221122125112551	527
罽	6238	25221134334433422	527
罾	6239	25221432524312511	527
嶷	6240	25235311345452134	527
黜	6241	25431211444452252	527
黝	6242	25431211444455453	527
髁	6243	25545251125111234	528
髀	6244	25545251132511312	528
镡	6245	31115125221251112	528
镢	6246	31115134315233534	528
镣	6247	31115134432511234	528
镦	6248	31115412515213134	529
镧	6249	31115425125431234	529
镩	6250	31115445342512512	529
镪	6251	31115515251251214	529
镫	6252	31115543341251431	529
罅	6253	31125221531534312	530
黏	6254	31234342413421251	530
簌	6255	31431412512343534	531
篾	6256	31431425221134534	531
篼	6257	31431432511355135	531
簖	6258	31431443123453312	531
簋	6259	31431451153425221	531
鼢	6260	32151154454453453	531
黛	6261	32154254312114444	532
儡	6262	32251212512125121	532
鹪	6263	32411121444435451	532
鼾	6264	32511125121132112	532
皤	6265	32511343123425121	532
魍	6266	32511355425431415	532
龠	6267	34125125125125122	533
繇	6268	34433112523554234	533
貘	6269	34435331222511134	533
邈	6270	34435333251135454	533
貔	6271	34435333253411535	533
臌	6272	35111212514311254	533
膻	6273	35114125251125111	534
臆	6274	35114143125114544	534
臃	6275	35114155332411121	534
鲼	6276	35251211121222534	534
鲽	6277	35251211122151234	534
鳀	6278	35251211251112134	535
鳃	6279	35251211251214544	535
鳅	6280	35251211312344334	535
鳇	6281	35251211325111121	535
鳊	6282	35251211451325122	536
螽	6283	35444251214251214	536
燮	6284	41112514334433454	536
鹫	6285	41251234135435451	536
襄	6286	41251251112213534	536
糜	6287	41312341234431234	536
縻	6288	41312341234554234	536
膺	6289	41332324111212511	537
癍	6290	41341112141341121	537
麋	6291	41352211535431234	537
懑	6292	44112212534344544	538
濡	6293	44114524444132522	538
濮	6294	44132224314311134	538
濞	6295	44132511125121132	538
濠	6296	44141251451353334	538
濯	6297	44154154132411121	538
蹇	6298	44511221342512134	538
謇	6299	44511221344111251	538
邃	6300	44534431353334454	539
襁	6301	45234515251251214	539
檗	6302	51325141431121234	539
擘	6303	51325141431123112	540
孺	6304	52114524444132522	540
隳	6305	52131212511342444	540
嬷	6306	53141312341234354	540
蟊	6307	54523251214251214	540
鹬	6308	54523253425135451	540
鍪	6309	54523313434112431	540
鏊	6310	112153313434112431	541
鳌	6311	112153313435251211	541
鬈	6312	121115433343113455	541
鬃	6313	121115433344511234	541
瞽	6314	121251431125425111	542
鞯	6315	122125112122132521	542
鞨	6316	122125112251135345	542
鞫	6317	122125112354111251	542
鞧	6318	122125112431253511	542
鞣	6319	122125112545231234	543
藜	6320	122312343533424134	543
藠	6321	122325113251132511	543
藩	6322	122441343123425121	543
醪	6323	125351154154134333	544
蹙	6324	132112345342512134	544
礓	6325	132511251211251211	544
燹	6326	135333413533344334	544
餮	6327	135434333344511534	545
瞿	6328	251112511132411121	545
曛	6329	251131254312114444	545
颢	6330	251141251234132534	545
曜	6331	251154154132411121	545
躇	6332	251212112212132511	545
蹚	6333	251212124345251121	545
鹭	6334	251212135425135451	545
蟛	6335	251214121251431333	546
蟪	6336	251214125112144544	546
蟠	6337	251214343123425121	546
蟮	6338	251214431112431251	546
鹮	6339	252211251353435451	547
黠	6340	254312114444121251	547
黟	6341	254312114444354354	547
髅	6342	255452511431234531	547
髂	6343	255452511445354251	547
镬	6344	311151223241112154	547
镭	6345	311151452444425121	547
镯	6346	311152522135251214	547
馥	6347	312342511312511354	548
簟	6348	314314125221251112	548
簪	6349	314314153515352511	548
鼬	6350	321511544544525121	549
雠	6351	324111214532411121	549
艟	6352	335414414312511211	549
鳎	6353	352512112511541541	550
鳏	6354	352512112522123344	550
鳐	6355	352512113443311252	550
癞	6356	413411251234352534	550
癔	6357	413414143125114544	551
癜	6358	413415131221343554	551
癖	6359	413415132514143112	551
糨	6360	431234515251251214	551
蹩	6361	432523431342512134	551
鎏	6362	441415432534112431	552
懵	6363	442122252214525111	552
彝	6364	551431234554234132	553
邋	6365	555253415445445454	553
鬏	6366	1211154333312344334	553
攉	6367	1211452444432411121	553
攒	6368	1213121353121352534	553
鞲	6369	1221251121122125211	553
鞴	6370	1221251121221325112	553
藿	6371	1221452444432411121	554
蘧	6372	1222153151353334454	554
蘅	6373	1223323525121134112	554
麓	6374	1234123441352211535	554
醮	6375	1253511324111214444	555
醯	6376	1253511415432525221	555
酃	6377	1452444425125125152	555
霪	6378	1452444444134433121	555
霭	6379	1452444445251135345	555
霨	6380	1452444451311234124	555
黼	6381	2243143252341251124	555
嚯	6382	2511452444432411121	556
蹰	6383	2512121131251431124	556
蹶	6384	2512121134315233534	556
蹽	6385	2512121134432511234	556
蹼	6386	2512121224314311134	556
蹴	6387	2512121412512341354	556
蹾	6388	2512121412515213134	556
蹿	6389	2512121445342512512	557
蠖	6390	2512141223241112154	557
蠓	6391	2512141224511353334	557
蟾	6392	2512143513344111251	557
蠊	6393	2512144134315112234	557
黢	6394	2543121144445434354	557
髋	6395	2554525114451222535	558
髌	6396	2554525114453212134	558
镲	6397	3111544535445411234	558
籀	6398	3143141213545325121	558
籁	6399	3143141251234352534	558
齁	6400	3251112512113235251	559
魑	6401	3251135544134522554	559
艨	6402	3354141224511353334	559
鳓	6403	3525121112212511253	559
鳔	6404	3525121112522111234	559
鳕	6405	3525121114524444511	559
鳗	6406	3525121125112522154	559
鳙	6407	3525121141351125112	560
麒	6408	4135221151512211134	560
鏖	6409	4135221153534112431	560
羸	6410	4152513511431112354	561
㸆	6411	4334312125121112111	561
瀚	6412	4411225111234541541	561
瀣	6413	4412135454211121111	561
瀛	6414	4414152513511531354	562
襦	6415	4523414524444132522	562
谶	6416	4534341211121111534	562
襞	6417	5132514143112413534	562
骥	6418	5512113525121122134	562
缵	6419	5513121353121352534	562
瓒	6420	11213121353121352534	562
攘	6421	12141251251112213534	563
蘩	6422	12231554143134554234	563
蘖	6423	12232515141431121234	563
醴	6424	12535112512211251431	564
霰	6425	14524444122125113134	564
酆	6426	21112111252125143152	564
矍	6427	25111251113241112154	564
曦	6428	25114311213123415534	564
躅	6429	25121212522135251214	565
鼍	6430	25125125121125125115	565
巉	6431	25235251153535251354	565
黩	6432	25431211444412544134	565
黥	6433	25431211444441251234	566
黪	6434	25431211444454134333	566
镳	6435	31115413522115354444	566
镴	6436	31115555253415445445	566
黧	6437	31234353254312114444	566
纂	6438	31431425111134554234	566
璺	6439	32112512515114511214	566
鼯	6440	32151154454451251251	566
臜	6441	35113121353121352534	567
鳜	6442	35251211134315233534	567
鳝	6443	35251211431112431251	567
鳟	6444	35251211431253511124	567
獾	6445	35312225125132411121	567
孀	6446	53114524444123425111	569
骧	6447	55141251251112213534	569
瓘	6448	112112225125132411121	569
鼙	6449	121251431125432511312	570
醺	6450	125351131254312114444	570
礴	6451	132511224411251124124	570
颦	6452	212123313253432511312	570
曩	6453	251141251251112213534	571
鳢	6454	352512112512211251431	571
癫	6455	413411225111134132534	572
麝	6456	413522115353251113124	572
夔	6457	431325111212151534354	572
爝	6458	433434432522151154124	572
灏	6459	441251141251234132534	572
禳	6460	452441251251112213534	572
鐾	6461	513251414311234112431	573
羼	6462	513431112431113431112	573
蠡	6463	551353334251214251214	573
耱	6464	1112344131234123413251	573
懿	6465	1214512514314135344544	573
蘸	6466	1221253511324111214444	573
鹳	6467	1222512513241112135451	573
霾	6468	1452444434435332511211	574
氍	6469	2511125111324111213115	574
饕	6470	2511521531535344511534	574
躐	6471	2512121555253415445445	575
髑	6472	2554525112522135251214	575
镵	6473	3111535251153535251354	575
穰	6474	3123441251251112213534	575
饔	6475	4155332411121344511534	576
鬻	6476	5154312345151251254312	576
鬟	6477	12111543332522112513534	576
趱	6478	12121343121353121352534	576
攫	6479	12125111251113241112154	576
攥	6480	12131431425111134554234	577
颧	6481	12225125132411121132534	577
躜	6482	25121213121353121352534	577
鼹	6483	32151154454452511445531	577
癯	6484	41341251112511132411121	578
麟	6485	41352211515431234354152	578
蠲	6486	43134252212522135251214	578
蠹	6487	125124513251251214251214	578
躞	6488	251212141112514334433454	578
衢	6489	332251112511132411121112	579
鑫	6490	341124313411243134112431	579
灞	6491	441145244441221251123511	579
襻	6492	452341234343412341343112	579
纛	6493	1121554142511112343554234	579
鬣	6494	1211154333555253415445445	579
攮	6495	1211251245251251112213534	579
囔	6496	2511251245251251112213534	579
馕	6497	3551251245251251112213534	580
戆	6498	4143125111235412125344544	580
爨	6499	321125125151145123412341344334	580
齉	6500	325111251211321251245251251112213534	581
亍	6501	112	9
尢	6502	135	10
彳	6503	332	10
卬	6504	3552	15
殳	6505	3554	15
𠙶	6506	5252	17
毌	6507	5521	17
邘	6508	11252	17
戋	6509	11534	17
圢	6510	12112	17
氕	6511	31153	21
伋	6512	32354	21
仝	6513	34121	22
冮	6514	41121	22
氿	6515	44135	23
汈	6516	44151	23
氾	6517	44155	23
忉	6518	44253	23
宄	6519	44535	23
𬣙	6520	45112	23
讱	6521	45534	24
扞	6522	121112	26
圲	6523	121312	26
圫	6524	121315	26
芏	6525	122121	27
芃	6526	122354	27
朳	6527	123434	27
朸	6528	123453	27
𨙸	6529	125452	28
邨	6530	152552	29
吒	6531	251315	30
吖	6532	251432	30
屼	6533	252135	30
屾	6534	252252	30
辿	6535	252454	30
钆	6536	311155	31
仳	6537	321535	32
伣	6538	322535	32
伈	6539	324544	33
癿	6540	325115	33
甪	6541	335112	33
邠	6542	345352	33
犴	6543	353112	34
冱	6544	411551	34
邡	6545	415352	35
闫	6546	425111	35
𬇕	6547	441153	36
汋	6548	441354	36
䜣	6549	453312	37
讻	6550	453452	37
𬣞	6551	454451	37
孖	6552	521521	38
𬘓	6553	551322	39
纩	6554	551413	39
玒	6555	1121121	39
玓	6556	1121354	40
玘	6557	1121515	40
玚	6558	1121533	40
刬	6559	1153422	40
𫭟	6560	1211345	40
坜	6561	1211353	40
坉	6562	1211525	41
扽	6563	1211525	41
𫭢	6564	1213435	41
坋	6565	1213453	41
扺	6566	1213515	41
㧑	6567	1214354	42
毐	6568	1215531	43
芰	6569	1221254	43
芣	6570	1221324	43
苊	6571	1221355	43
苉	6572	1221355	43
芘	6573	1221535	43
芴	6574	1223533	44
芠	6575	1224134	44
𫇭	6576	1224354	44
芤	6577	1225215	44
杕	6578	1234134	45
杙	6579	1234154	45
杄	6580	1234312	45
杧	6581	1234415	45
杩	6582	1234551	45
尪	6583	1351121	46
尨	6584	1353334	46
轪	6585	1521134	46
𫐄	6586	1521135	46
坒	6587	1535121	46
芈	6588	2121112	47
旴	6589	2511112	47
旵	6590	2511252	47
呙	6591	2512534	48
㕮	6592	2513434	48
岍	6593	2521132	49
𫵷	6594	2521353	49
岠	6595	2521515	49
岜	6596	2525215	50
呇	6597	2534251	50
冏	6598	2534251	50
觃	6599	2535521	50
岙	6600	3134252	51
伾	6601	3213241	51
㑇	6602	3235511	51
伭	6603	3241554	52
佖	6604	3245434	52
伲	6605	3251335	52
佁	6606	3254251	52
飏	6607	3534533	53
狃	6608	3535211	53
闶	6609	4254135	55
汧	6610	4411132	56
汫	6611	4411132	56
𣲘	6612	4411135	56
𣲗	6613	4411152	56
沄	6614	4411154	56
沘	6615	4411535	56
𬇙	6616	4412534	57
汭	6617	4412534	57
㳇	6618	4413434	57
沇	6619	4415435	57
忮	6620	4421254	58
忳	6621	4421525	58
忺	6622	4423534	58
𬣡	6623	4511534	58
祃	6624	4524551	59
诇	6625	4525251	59
邲	6626	4543452	59
诎	6627	4552252	59
诐	6628	4553254	59
屃	6629	5132534	60
𫸩	6630	5151345	60
岊	6631	5215252	60
阽	6632	5221251	60
䢺	6633	5225252	60
阼	6634	5231211	60
妧	6635	5311135	61
妘	6636	5311154	61
𨚕	6637	5413252	62
纮	6638	5511354	62
驲	6639	5512511	62
𫘜	6640	5514134	62
纻	6641	5514451	63
𬘘	6642	5514535	63
𫘝	6643	5515134	63
纼	6644	5515152	63
玤	6645	11211112	63
玞	6646	11211134	63
玱	6647	11213455	64
玟	6648	11214134	64
邽	6649	12112152	65
邿	6650	12112452	65
坥	6651	12125111	66
坰	6652	12125251	66
坬	6653	12133544	67
坽	6654	12134454	67
弆	6655	12154132	69
耵	6656	12211112	69
䢼	6657	12213452	70
𦭜	6658	12225134	71
茋	6659	12235154	71
苧	6660	12244512	72
苾	6661	12245434	72
苠	6662	12251515	72
枅	6663	12341132	73
㭎	6664	12342534	74
枘	6665	12342534	74
枍	6666	12343415	74
矼	6667	13251121	76
矻	6668	13251315	76
匼	6669	13412515	77
𬨂	6670	15213515	78
𬀩	6671	25111152	79
𬀪	6672	25112535	80
旿	6673	25113112	81
昇	6674	25113132	81
昄	6675	25113354	81
昒	6676	25113533	81
昈	6677	25114513	82
咉	6678	25125134	82
咇	6679	25145434	83
咍	6680	25154251	84
岵	6681	25212251	84
岽	6682	25215234	84
岨	6683	25225111	84
岞	6684	25231211	85
峂	6685	25235444	85
㟃	6686	25251251	85
囷	6687	25312341	86
𬬩	6688	31115154	87
钐	6689	31115333	87
钔	6690	31115425	87
钖	6691	31115533	87
牥	6692	31214153	88
佴	6693	32122111	89
垈	6694	32154121	90
侁	6695	32312135	91
侹	6696	32312154	91
佸	6697	32312251	91
佺	6698	32341121	91
隹	6699	32411121	91
㑊	6700	32413234	92
侂	6701	32413315	92
佽	6702	32413534	92
侘	6703	32445315	92
郈	6704	33125152	93
舠	6705	33541453	93
郐	6706	34115452	94
郃	6707	34125152	94
攽	6708	34533134	95
肭	6709	35112534	96
肸	6710	35113412	96
肷	6711	35113534	96
狉	6712	35313241	97
狝	6713	35335234	97
饳	6714	35552252	98
忞	6715	41344544	100
於	6716	41533444	101
炌	6717	43343432	102
炆	6718	43344134	102
泙	6719	44114312	103
沺	6720	44125121	103
泂	6721	44125251	104
泜	6722	44135154	104
泃	6723	44135251	104
泇	6724	44153251	105
怊	6725	44253251	107
峃	6726	44345252	107
穸	6727	44534354	108
祋	6728	45243554	110
祊	6729	45244153	110
𫍣	6730	45251251	110
𬣳	6731	45511534	111
𬩽	6732	51112452	111
鸤	6733	51335451	112
弢	6734	51552254	112
弨	6735	51553251	113
陑	6736	52132522	113
𬮿	6737	52252515	113
陎	6738	52311234	113
𬯀	6739	52413432	114
卺	6740	52534155	114
乸	6741	52555414	114
妭	6742	53113544	114
姈	6743	53134454	114
𫰛	6744	53154121	115
迳	6745	54121454	115
叕	6746	54545454	116
𬳵	6747	55113241	116
驵	6748	55125111	116
𬳶	6749	55125251	117
䌹	6750	55125251	117
驺	6751	55135511	117
𫠊	6752	55141554	117
绋	6753	55151532	118
绐	6754	55154251	118
砉	6755	111213251	118
耔	6756	111234521	118
㛃	6757	111253531	119
玶	6758	112114312	119
珇	6759	112125111	119
珅	6760	112125112	119
𬍛	6761	112135234	120
珋	6762	112135352	120
玹	6763	112141554	120
珌	6764	112145434	120
玿	6765	112153251	120
韨	6766	115213544	121
垚	6767	121121121	121
垯	6768	121134454	122
垙	6769	121243135	122
垲	6770	121252515	123
埏	6771	121321554	123
垍	6772	121325111	123
耇	6773	121335251	123
鿍	6774	121354152	124
垎	6775	121354251	124
垴	6776	121413452	124
垟	6777	121431112	124
垞	6778	121445315	125
挓	6779	121445315	125
垵	6780	121445531	125
垏	6781	121511112	125
拶	6782	121555354	125
荖	6783	122121335	126
荁	6784	122125111	126
荙	6785	122134454	126
荛	6786	122153135	126
茈	6787	122212135	127
茽	6788	122322512	127
荄	6789	122415334	128
茺	6790	122415435	128
𬜬	6791	122425251	128
荓	6792	122431132	129
茳	6793	122441121	129
𦰡	6794	122511352	129
茛	6795	122511534	129
荭	6796	122551121	130
㭕	6797	123412154	131
柷	6798	123425135	132
柃	6799	123434454	132
柊	6800	123435444	133
枹	6801	123435515	133
栐	6802	123445534	133
柖	6803	123453251	133
郚	6804	125125152	134
剅	6805	125143122	134
䴓	6806	125235451	134
迺	6807	125351454	134
厖	6808	131353334	134
砆	6809	132511134	135
砑	6810	132511523	135
砄	6811	132515134	136
耏	6812	132522333	136
奓	6813	134354354	136
䶮	6814	135341134	137
轵	6815	152125134	137
轷	6816	152134312	138
轹	6817	152135234	138
轺	6818	152153251	138
昺	6819	251112534	140
𪾢	6820	251112535	140
昽	6821	251113534	140
盷	6822	251113541	140
咡	6823	251122111	140
咺	6824	251125111	141
昳	6825	251131134	141
昣	6826	251134333	141
哒	6827	251134454	141
昤	6828	251134454	142
昫	6829	251135251	142
昡	6830	251141554	142
咥	6831	251154121	142
昪	6832	251154132	142
虷	6833	251214112	143
虸	6834	251214521	144
哃	6835	251251251	144
峘	6836	252125111	146
耑	6837	252132522	146
峛	6838	252135422	147
𪨰	6839	252251221	147
峗	6840	252351355	147
峧	6841	252413434	147
帡	6842	252431132	148
钘	6843	311151132	148
𫓧	6844	311151134	148
钜	6845	311151515	148
𬬮	6846	311153154	149
𬬱	6847	311153312	149
𬬭	6848	311153435	149
钪	6849	311154135	150
钬	6850	311154334	150
钭	6851	311154412	150
矧	6852	311345152	150
秬	6853	312341515	151
俫	6854	321431234	153
舁	6855	321511132	153
俜	6856	322512115	154
俙	6857	323413252	154
俍	6858	324511534	154
垕	6859	331251121	155
衎	6860	332112112	155
舣	6861	335414434	156
弇	6862	341251132	156
侴	6863	341521122	156
鸧	6864	345535451	157
䏡	6865	351111234	157
胠	6866	351112154	157
𦙶	6867	351112251	157
胈	6868	351113544	158
胩	6869	351121124	158
胣	6870	351131525	158
朏	6871	351152252	159
飐	6872	353421251	160
訄	6873	354111251	160
饻	6874	355413534	161
庤	6875	413121124	162
疢	6876	413414334	163
炣	6877	433412512	166
炟	6878	433425111	166
㶲	6879	433435112	166
洭	6880	441111215	167
洘	6881	441121315	167
洓	6882	441125234	168
洿	6883	441134115	168
㳚	6884	441134534	168
泚	6885	441212135	168
浈	6886	441212534	168
浉	6887	441231252	168
洸	6888	441243135	168
洑	6889	441321344	169
洢	6890	441325113	169
洈	6891	441351355	170
洚	6892	441354152	170
洺	6893	441354251	170
洨	6894	441413434	170
浐	6895	441414313	170
㳘	6896	441415435	170
洴	6897	441431132	171
洣	6898	441431234	171
恔	6899	442413434	172
宬	6900	445135534	173
窀	6901	445341525	173
扂	6902	451321251	174
袆	6903	452341152	174
祏	6904	452413251	175
祐	6905	452413251	175
祕	6906	452445434	175
叚	6907	512115154	176
陧	6908	522511121	178
陞	6909	523132121	178
娀	6910	531113534	178
姞	6911	531121251	178
姱	6912	531134115	178
姤	6913	531331251	179
姶	6914	531341251	179
姽	6915	531351355	179
枲	6916	542511234	180
绖	6917	551154121	181
骃	6918	551251341	181
𬘡	6919	551251341	181
𬳽	6920	551312135	181
𬘩	6921	551312154	181
𫄧	6922	551321554	181
彖	6923	551353334	182
骉	6924	551551551	182
恝	6925	1112534544	183
珪	6926	1121121121	183
珛	6927	1121132511	183
珹	6928	1121135534	184
琊	6929	1121152352	184
玼	6930	1121212135	184
珖	6931	1121243135	184
𪟝	6932	1121253453	184
珽	6933	1121312154	184
珦	6934	1121325251	184
珫	6935	1121415435	185
珒	6936	1121511112	185
𬍤	6937	1121511124	185
珢	6938	1121511534	185
珕	6939	1121535353	185
珝	6940	1121541541	185
𫭼	6941	1211224553	186
埗	6942	1212121233	186
垾	6943	1212511112	187
垺	6944	1213443521	188
埆	6945	1213535112	189
垿	6946	1214135452	189
埌	6947	1214511534	189
埇	6948	1215425112	189
莰	6949	1221213534	190
茝	6950	1221225125	190
𬜯	6951	1221253434	190
鄀	6952	1221325152	190
莶	6953	1223414431	192
莝	6954	1223434121	192
䓖	6955	1224453453	192
莙	6956	1225113251	193
栻	6957	1234112154	193
桠	6958	1234122431	194
𬂩	6959	1234143134	194
桄	6960	1234243135	194
梠	6961	1234251251	194
栴	6962	1234313541	195
梴	6963	1234321554	195
栒	6964	1234352511	195
酎	6965	1253511124	197
酏	6966	1253511525	197
𫠆	6967	1254132534	197
砵	6968	1325112341	198
砠	6969	1325125111	198
砫	6970	1325141121	199
砬	6971	1325141431	199
硁	6972	1325154121	199
恧	6973	1325224544	199
翃	6974	1354541541	200
郪	6975	1511253152	200
𨐈	6976	1521243135	200
辀	6977	1521335414	200
辁	6978	1521341121	200
𬌗	6979	1523341251	201
剕	6980	2111211122	201
赀	6981	2121352534	201
哢	6982	2511121132	202
晅	6983	2511125111	202
晊	6984	2511154121	203
唝	6985	2511212534	203
哳	6986	2511213312	203
哱	6987	2511245521	203
冔	6988	2511251112	203
晔	6989	2511323512	204
晐	6990	2511415334	204
晖	6991	2511451512	204
畖	6992	2512133544	204
蚄	6993	2512144153	205
蚆	6994	2512145215	206
𫑡	6995	2512511552	206
帱	6996	2521113124	207
崁	6997	2521213534	207
峿	6998	2521251251	207
𪨶	6999	2521341512	207
崄	7000	2523414431	208
帨	7001	2524325135	208
崀	7002	2524511534	208
赆	7003	2534513444	209
𬬸	7004	3111512344	209
钷	7005	3111512515	209
𬬻	7006	3111521513	210
𬬹	7007	3111525112	210
𬬿	7008	3111553251	211
𬭁	7009	3111555414	211
眚	7010	3112125111	211
甡	7011	3112131121	211
笫	7012	3143143523	214
倻	7013	3212211152	214
倴	7014	3213412132	214
脩	7015	3223542511	215
倮	7016	3225111234	215
倕	7017	3231212211	215
倞	7018	3241251234	216
𫢸	7019	3243251112	216
倓	7020	3243344334	216
倧	7021	3244511234	217
衃	7022	3252211324	217
虒	7023	3321531535	218
舭	7024	3354141535	218
舯	7025	3354142512	218
舥	7026	3354145215	219
瓞	7027	3354431134	219
鬯	7028	3444445235	219
鸰	7029	3445435451	220
脎	7030	3511341234	220
朓	7031	3511341534	220
胲	7032	3511415334	221
虓	7033	3521531535	221
鱽	7034	3525121153	222
狴	7035	3531535121	222
峱	7036	3535211252	223
狻	7037	3535434354	223
眢	7038	3545525111	223
𫗧	7039	3551251234	223
勍	7040	4125123453	224
痄	7041	4134131211	225
疰	7042	4134141121	226
痃	7043	4134141554	226
竘	7044	4143135251	227
羖	7045	4311133554	228
羓	7046	4311135215	228
桊	7047	4311341234	228
敉	7048	4312343134	229
烠	7049	4334132511	229
烔	7050	4334251251	230
烶	7051	4334312154	230
烻	7052	4334321554	230
𬊈	7053	4334511124	230
涍	7054	4411213521	231
浡	7055	4411245521	231
浭	7056	4411251134	231
浬	7057	4412511211	232
涄	7058	4412512115	232
涢	7059	4412512534	232
涐	7060	4413121534	232
浰	7061	4413123422	233
浟	7062	4413223134	233
浛	7063	4413445251	233
浼	7064	4413525135	233
浲	7065	4413541112	233
涘	7066	4415431134	234
悈	7067	4421132534	234
悃	7068	4422512341	235
悢	7069	4424511534	235
𬒈	7070	4434513251	236
宧	7071	4451225125	236
窅	7072	4453425111	236
窊	7073	4453433544	236
窎	7074	4453435451	237
扅	7075	4513354354	237
扆	7076	4513413534	237
袪	7077	4523412154	238
袗	7078	4523434333	238
袯	7079	4523453544	238
祧	7080	4524341534	238
隺	7081	4532411121	239
堲	7082	5115452121	240
疍	7083	5213425111	241
𨺙	7084	5232151135	241
陴	7085	5232511312	241
烝	7086	5253414444	241
砮	7087	5315413251	242
㛚	7088	5315425112	243
哿	7089	5325112512	243
翀	7090	5415412512	243
翂	7091	5415413453	243
剟	7092	5454545422	243
𬳿	7093	5513411234	244
𫄨	7094	5513413252	244
绤	7095	5513434251	244
骍	7096	5514143112	244
𬘫	7097	5514451135	244
䂮	7098	11125313251	245
琎	7099	11211132454	245
珸	7100	11211251251	245
珵	7101	11212511121	246
琄	7102	11212512511	246
琈	7103	11213443521	246
琀	7104	11213445251	246
珺	7105	11215113251	246
掭	7106	12111342444	246
堎	7107	12112134354	246
堐	7108	12113121121	247
埼	7109	12113412512	247
掎	7110	12113412512	247
埫	7111	12124325251	248
堌	7112	12125122511	248
晢	7113	12133122511	249
𫮃	7114	12143251112	250
掞	7115	12143344334	250
埪	7116	12144534121	250
壸	7117	12145122431	251
㙍	7118	12154545454	251
聍	7119	12211144512	252
菝	7120	12212113544	252
萚	7121	12212154112	252
菥	7122	12212343312	253
莿	7123	12212523422	253
䓫	7124	12213412512	253
勚	7125	12215253453	253
䓬	7126	12221251112	253
萆	7127	12232511312	254
菂	7128	12232511354	254
菍	7129	12234454544	254
菼	7130	12243344334	255
萣	7131	12244512134	255
䓨	7132	12245311252	256
菉	7133	12251124134	256
䓛	7134	12251352252	256
梼	7135	12341113124	256
梽	7136	12341214544	257
桲	7137	12341245521	257
梾	7138	12341431234	257
桯	7139	12342511121	257
梣	7140	12342523445	257
梌	7141	12343411234	258
桹	7142	12344511534	258
敔	7143	12512513134	259
厣	7144	13134425112	260
硔	7145	13251122134	260
鿎	7146	13251134454	260
硙	7147	13251252515	261
硚	7148	13251313432	261
硊	7149	13251351355	261
硍	7150	13251511534	261
勔	7151	13252211153	261
䴕	7152	13542235451	262
龁	7153	21213452315	263
逴	7154	21251112454	263
唪	7155	25111134112	264
啫	7156	25112132511	265
翈	7157	25112541541	265
㫰	7158	25114511534	266
晙	7159	25115434354	266
畤	7160	25121121124	266
𬱖	7161	25121132534	266
趼	7162	25121211132	266
跂	7163	25121211254	266
蛃	7164	25121412534	267
蚲	7165	25121414312	267
𬟽	7166	25121415234	267
蚺	7167	25121425211	268
啴	7168	25143251112	269
䎃	7169	25211541541	270
崧	7170	25212343454	270
崟	7171	25234112431	271
崞	7172	25241251521	271
崒	7173	25241343412	271
崌	7174	25251312251	272
崡	7175	25252413452	272
铏	7176	31115113222	272
𫓯	7177	31115121121	272
𫟹	7178	31115122134	272
铕	7179	31115132511	273
𫟼	7180	31115134454	273
铖	7181	31115135534	273
铘	7182	31115152352	273
铚	7183	31115154121	273
铞	7184	31115251252	273
铥	7185	31115312154	274
铴	7186	31115441533	275
牻	7187	31211353334	275
牿	7188	31213121251	275
稆	7189	31234251251	276
笱	7190	31431435251	277
笯	7191	31431453154	277
偰	7192	32111253134	278
偡	7193	32122111345	278
鸺	7194	32123435451	278
偭	7195	32132522111	278
偲	7196	32251214544	279
偁	7197	32344325211	279
㿠	7198	32511243135	279
鄅	7199	32512521452	280
偓	7200	32513154121	280
徛	7201	33213412512	280
衒	7202	33241554112	280
舳	7203	33541425121	281
舲	7204	33541434454	281
鸼	7205	33541435451	281
悆	7206	34112344544	281
鄃	7207	34125112252	281
瓻	7208	34132521554	282
䝙	7209	34435331345	282
脶	7210	35112512534	283
脞	7211	35113434121	283
脟	7212	35113443124	283
䏲	7213	35114351523	283
鱾	7214	35251211515	283
猇	7215	35321531535	284
猊	7216	35332151135	284
猄	7217	35341251234	284
觖	7218	35351125134	285
𠅤	7219	41251214544	285
庱	7220	41312134354	286
庼	7221	41315132534	286
庳	7222	41332511312	286
痓	7223	41341154121	286
䴔	7224	41343435451	287
竫	7225	41431355112	287
堃	7226	41534153121	288
阌	7227	42534434554	288
羝	7228	43111335154	289
羕	7229	43112145534	289
焆	7230	43342512511	290
烺	7231	43344511534	291
焌	7232	43345434354	291
淏	7233	44125111134	292
𬇹	7234	44125112141	292
淟	7235	44125122134	292
淜	7236	44135113511	293
淴	7237	44135334544	293
淯	7238	44141542511	294
湴	7239	44143122431	294
涴	7240	44144535455	294
𬍡	7241	44153311214	295
㥄	7242	44212134354	295
惛	7243	44235152511	296
惔	7244	44243344334	296
悰	7245	44244511234	297
惙	7246	44254545454	297
寁	7247	44515112134	297
逭	7248	44525151454	297
𬤇	7249	45125221121	298
𫍯	7250	45131251534	298
袼	7251	45234354251	299
裈	7252	45234451512	299
祲	7253	45245114554	299
𬤊	7254	45251112134	299
𫍲	7255	45321511254	299
谞	7256	45521342511	300
艴	7257	51532355215	300
弸	7258	51535113511	301
弶	7259	51541251234	301
𬯎	7260	52251212534	301
隃	7261	52341251122	302
婞	7262	53112143112	302
娵	7263	53112211154	302
婼	7264	53112213251	302
媖	7265	53112225134	302
婳	7266	53112512152	302
婍	7267	53113412512	302
婌	7268	53121123454	302
婫	7269	53125111535	302
婤	7270	53135121251	303
婘	7271	53143113455	303
婠	7272	53144525151	303
𬘬	7273	55111212511	304
𬘭	7274	55112341234	304
𬴂	7275	55121112111	304
𫘦	7276	55135311252	305
绹	7277	55135311252	305
𫟅	7278	55141251234	305
𬘯	7279	55141251521	306
骕	7280	55151123234	306
𫘧	7281	55151124134	306
絜	7282	111253554234	306
珷	7283	112111212154	307
琲	7284	112121112111	307
琡	7285	112121123454	307
琟	7286	112132411121	308
琔	7287	112144512134	308
琭	7288	112151124134	308
堾	7289	121111342511	309
堼	7290	121121124121	309
揕	7291	121122111345	309
㙘	7292	121125221531	310
堧	7293	121132522134	310
喆	7294	121251121251	310
堨	7295	121251135345	311
塅	7296	121321113554	311
堠	7297	121325131134	312
絷	7298	121354554234	312
𪣻	7299	121431234531	312
𡎚	7300	121451325122	313
葜	7301	122111253134	313
惎	7302	122111344544	314
萳	7303	122122543112	314
葙	7304	122123425111	314
靬	7305	122125112112	314
葴	7306	122131251534	314
蒇	7307	122132534534	315
蒈	7308	122153532511	315
鄚	7309	122251113452	315
蒉	7310	122251212534	315
蓇	7311	122255452511	315
萩	7312	122312344334	315
蒐	7313	122325113554	316
葰	7314	122325434354	316
葎	7315	122332511112	316
鄑	7316	122431251152	316
蒎	7317	122441333534	316
葖	7318	122445341344	317
蒄	7319	122451135124	317
萹	7320	122451325122	317
棤	7321	123412212511	318
棽	7322	123412343445	318
棫	7323	123412511534	318
椓	7324	123413533434	318
椑	7325	123432511312	319
𬃊	7326	123433122534	319
鹀	7327	123434135451	319
椆	7328	123435121251	319
棓	7329	123441431251	320
棬	7330	123443113455	320
棪	7331	123443344334	320
椀	7332	123444535455	320
楗	7333	123451111254	320
𬷕	7334	125112435451	321
甦	7335	125113431121	321
酦	7336	125351153544	321
觌	7337	125441342535	322
奡	7338	132511113432	322
皕	7339	132511132511	322
硪	7340	132513121534	322
欹	7341	134125123534	322
詟	7342	135344111251	322
𫐐	7343	152132151135	323
辌	7344	152141251234	324
棐	7345	211121111234	324
龂	7346	212134523312	324
𬹼	7347	212134523432	324
黹	7348	224314325234	324
牚	7349	243452511523	325
睎	7350	251113413252	325
晫	7351	251121251112	326
晪	7352	251125122134	326
晱	7353	251143344334	327
𧿹	7354	251212155414	328
蛑	7355	251214543112	329
畯	7356	251215434354	329
斝	7357	251251454412	330
喤	7358	251325111121	330
崶	7359	252121121124	331
嵁	7360	252122111345	331
𫶇	7361	252122245252	331
崾	7362	252125221531	332
嵅	7363	252131251534	332
崿	7364	252251251115	332
嵚	7365	252311153534	332
翙	7366	252354541541	332
𫖮	7367	252515132534	333
圌	7368	252521325221	333
圐	7369	252522141531	333
赑	7370	253425342534	333
淼	7371	253425342534	333
赒	7372	253435121251	333
鿏	7373	311151121354	334
铹	7374	311151224553	334
𬭊	7375	311151234121	334
铽	7376	311151454454	334
𨱇	7377	311151241344	334
𫓶	7378	311152512511	335
锊	7379	311153443124	335
锍	7380	311154154325	336
锎	7381	311154251132	336
𬭎	7382	311154451354	336
锓	7383	311155114554	336
犇	7384	311231213112	336
颋	7385	312154132534	338
稌	7386	312343411234	338
筀	7387	314314121121	338
筘	7388	314314121251	339
筜	7389	314314243511	339
筥	7390	314314251251	339
筅	7391	314314312135	339
傃	7392	321121554234	340
傉	7393	321311534124	340
翛	7394	322354541541	340
傒	7395	323443554134	341
傕	7396	324532411121	341
舾	7397	335414125351	342
畬	7398	341123425121	342
𫖯	7399	341534132534	343
脿	7400	351111213534	343
腘	7401	351125112141	344
䐃	7402	351125312341	344
腙	7403	351144511234	344
腒	7404	351151312251	344
𬱟	7405	351355132534	344
鲃	7406	352512115215	345
猰	7407	353111253134	345
𫛭	7408	353112135451	345
猯	7409	353252132522	345
㺄	7410	353341251122	346
馉	7411	355255452511	346
凓	7412	411252211234	347
鄗	7413	412512525152	347
𫷷	7414	413311153534	347
廋	7415	413321511254	347
廆	7416	413325113554	347
鄌	7417	413511225152	348
粢	7418	413534431234	349
遆	7419	414345252454	349
旐	7420	415331341534	349
𬮱	7421	425125221121	349
焞	7422	433441251521	351
𬊤	7423	433443251112	351
欻	7424	433443343534	351
𣸣	7425	441121222534	351
溚	7426	441122341251	352
溁	7427	441122451234	352
湝	7428	441153532511	352
渰	7429	441341251132	353
湓	7430	441345325221	353
㴔	7431	441355114544	354
渟	7432	441412514512	354
溠	7433	441431113121	354
渼	7434	441431121134	354
溇	7435	441431234531	354
湣	7436	441515152511	355
湑	7437	441521342511	355
溞	7438	441544251214	355
愐	7439	442132522111	355
愃	7440	442445125111	356
敩	7441	443455213134	356
甯	7442	445454425112	357
棨	7443	451331341234	357
扊	7444	451343344334	357
裣	7445	452343414431	358
祼	7446	452425111234	358
婻	7447	531122543112	360
媆	7448	531132522134	360
媞	7449	531251112134	360
㛹	7450	531321251134	360
媓	7451	531325111121	361
媂	7452	531414345252	361
媄	7453	531431121134	361
毵	7454	541343333115	361
矞	7455	545232534251	361
𬴃	7456	551111213251	362
𫘨	7457	551251112134	362
缊	7458	551251125221	362
缐	7459	551325112534	363
骙	7460	551543341134	363
瑃	7461	1121111342511	364
瑓	7462	1121125431234	364
瑅	7463	1121251112134	364
瑆	7464	1121251131121	364
䴖	7465	1121251135451	364
瑖	7466	1121321113554	364
瑝	7467	1121325111121	364
瑔	7468	1121325112534	365
瑀	7469	1121325125214	365
𤧛	7470	1121414345252	365
瑳	7471	1121431113121	365
瑂	7472	1121521325111	365
嶅	7473	1121533134252	365
瑑	7474	1121551353334	365
遘	7475	1122125211454	366
髢	7476	1211154333525	366
塥	7477	1211251254312	366
堽	7478	1212522112121	367
赪	7479	1213234212534	367
摛	7480	1214134522554	368
塝	7481	1214143454153	368
搒	7482	1214143454153	368
搌	7483	1215131221534	368
蒱	7484	1221211251124	369
蒨	7485	1223211212511	370
蓏	7486	1223354433544	370
蔀	7487	1224143125152	371
蓢	7488	1224511543511	372
蓂	7489	1224525114134	372
蒻	7490	1225154151541	372
蓣	7491	1225452132534	372
椹	7492	1234122111345	372
楪	7493	1234122151234	372
榃	7494	1234123425121	373
榅	7495	1234251125221	373
楒	7496	1234251214544	373
楞	7497	1234252214153	373
楩	7498	1234321251134	374
榇	7499	1234414311234	374
椸	7500	1234415331525	374
楙	7501	1234545231234	375
歅	7502	1252211213534	375
𬪩	7503	1253511453534	376
碃	7504	1325111212511	376
碏	7505	1325112212511	376
𬒔	7506	1325121212511	376
碈	7507	1325135152511	377
䃅	7508	1325143251112	377
硿	7509	1325144534121	377
鄠	7510	1452444411552	377
辒	7511	1521251125221	378
𬨎	7512	1521431253511	378
𫐓	7513	1521545231234	378
龆	7514	2121345253251	379
觜	7515	2121353535112	379
䣘	7516	2434525112152	379
暕	7517	2511125431234	380
鹍	7518	2511151535451	380
𫫇	7519	2511224314544	381
㬊	7520	2511344311354	381
暅	7521	2511442125111	382
跱	7522	2512121121124	382
蜐	7523	2512141215453	384
蜎	7524	2512142512511	384
嵲	7525	2523251111234	386
赗	7526	2534251125111	386
骱	7527	2554525113432	386
锖	7528	3111511212511	387
𫓹	7529	3111512211134	387
锘	7530	3111512213251	387
锳	7531	3111512225134	387
锧	7532	3111533122534	388
锪	7533	3111535334544	388
𬭚	7534	3111541251521	388
锫	7535	3111541431251	388
锬	7536	3111543344334	388
𬭛	7537	3111544153254	388
稑	7538	3123412134121	389
稙	7539	3123412251111	389
䅟	7540	3123454134333	390
𬕂	7541	3143141212534	390
筻	7542	3143141251134	390
筼	7543	3143142512534	390
筶	7544	3143143121251	390
筦	7545	3143144451135	391
筤	7546	3143144511534	391
傺	7547	3235445411234	392
鹎	7548	3251131235451	392
僇	7549	3254154134333	392
艅	7550	3354143411234	392
艉	7551	3354145133115	392
谼	7552	3434251122134	393
貆	7553	3443533125111	393
腽	7554	3511251125221	394
腨	7555	3511252132522	394
腯	7556	3511331225111	394
鲉	7557	3525121125121	395
鲊	7558	3525121131211	395
鲌	7559	3525121132511	395
䲟	7560	3525121135152	395
𬶋	7561	3525121135251	395
𬶍	7562	3525121144535	396
鲏	7563	3525121153254	396
雊	7564	3525132411121	396
猺	7565	3533443311252	396
飔	7566	3534251214544	396
觟	7567	3535112121121	396
𦝼	7568	3511431234531	394
馌	7569	3551215425221	397
裛	7570	4125152153534	397
廒	7571	4131121533134	397
瘀	7572	4134141533444	398
瘅	7573	4134143251112	398
鄘	7574	4135112511252	399
鹒	7575	4135113435451	399
鄜	7576	4135221151552	399
麀	7577	4135221153535	399
鄣	7578	4143125111252	399
阘	7579	4252511541541	400
𫔶	7580	4253251111234	400
煁	7581	4334122111345	401
煃	7582	4334134121121	401
煴	7583	4334251125221	401
煋	7584	4334251131121	401
煟	7585	4334251212511	401
煓	7586	4334252132522	401
滠	7587	4411221115454	402
溍	7588	4411224312511	402
溹	7589	4411245554234	402
滆	7590	4411251254312	403
滉	7591	4412511243135	403
溦	7592	4412521353134	403
溵	7593	4413351153554	404
漷	7594	4414125152152	404
滧	7595	4414134343134	404
滘	7596	4414534121251	405
滍	7597	4415221251214	405
愭	7598	4421213352511	405
慥	7599	4423121251454	406
慆	7600	4423443321511	406
塱	7601	4511543511121	407
𫌀	7602	4523411212534	407
裼	7603	4523425113533	407
禋	7604	4524125221121	408
禔	7605	4524251112134	408
禘	7606	4524414345252	408
禒	7607	4524551353334	408
谫	7608	4543125112253	408
鹔	7609	5112323435451	408
𫖳	7610	5113251132534	408
愍	7611	5151531344544	408
嫄	7612	5311332511234	409
媱	7613	5313443311252	409
戤	7614	5354252211534	409
勠	7615	5415413433353	410
戣	7616	5433411341534	410
𫘪	7617	5511332511234	410
𫘬	7618	5513443554134	410
缞	7619	5514125113534	410
耤	7620	11123412212511	411
瑧	7621	11211113431234	411
𫞩	7622	11211221253434	411
瑨	7623	11211224312511	411
瑱	7624	11211225111134	411
瑷	7625	11213443451354	412
瑢	7626	11214453434251	412
斠	7627	11221252114412	412
摏	7628	12111134321511	413
墕	7629	12112121154444	413
墈	7630	12112211134553	413
墐	7631	12112212511121	413
墘	7632	12112251112315	413
摴	7633	12114524444115	413
銎	7634	12135434112431	414
𡐓	7635	12141351124134	414
墚	7636	12144153441234	415
撖	7637	12151221113134	415
𪤗	7638	12154154134333	415
靽	7639	12212511243112	416
鞁	7640	12212511253254	416
蔌	7641	12212512343534	416
蔈	7642	12212522111234	416
蓰	7643	12233221212134	416
蔹	7644	12234144313134	417
蔊	7645	12243342511112	417
嘏	7646	12251512115154	418
榰	7647	12341213352511	418
榑	7648	12341251124124	418
槚	7649	12341252212534	418
𣗋	7650	12342434525135	418
槜	7651	12343241112153	419
榍	7652	12345132432511	419
疐	7653	12452512152134	420
𬸘	7654	12511531535451	420
酺	7655	12535111251124	420
酾	7656	12535111254254	420
酲	7657	12535112511121	420
酴	7658	12535113411234	420
碶	7659	13251111253134	421
䃎	7660	13251134354354	421
𬒗	7661	13251223142535	421
碨	7662	13251251211534	421
𥔲	7663	13251251251115	421
碹	7664	13251445125111	422
碥	7665	13251451325122	422
劂	7666	13431523353422	422
𫚖	7667	21213535251211	423
䴗	7668	25111134435451	423
夥	7669	25111234354354	423
瞍	7670	25111321511254	424
鹖	7671	25113534535451	424
㬎	7672	25115545544444	425
跽	7673	25121215154544	425
蜾	7674	25121425111234	425
幖	7675	25212522111234	427
嶍	7676	25254154132511	427
圙	7677	25341325221111	427
𨱏	7678	31115122341251	428
锺	7679	31115312511211	428
锼	7680	31115321511254	428
锽	7681	31115325111121	429
𬭤	7682	31115325131134	429
锾	7683	31115344311354	429
锿	7684	31115412513534	429
镃	7685	31115431554554	429
镄	7686	31115515322534	429
镅	7687	31115521325111	429
馝	7688	31234251145434	430
鹙	7689	31234433435451	430
箨	7690	31431412154112	430
箖	7691	31431412341234	430
劄	7692	31431434125122	431
僬	7693	32324111214444	432
僦	7694	32412512341354	432
僔	7695	32431253511124	432
僎	7696	32515515122134	433
槃	7697	33541435541234	433
㙦	7698	34112344412121	433
鲒	7699	35251211121251	433
鲕	7700	35251211132522	434
𫚕	7701	35251211231252	434
鲖	7702	35251211251251	434
鲗	7703	35251211253422	434
鲘	7704	35251211331251	434
鲙	7705	35251211341154	434
𬶐	7706	35251211341534	434
𬶏	7707	35251211351355	434
𩽾	7708	35251211445531	434
夐	7709	35253425111354	435
獍	7710	35341431251135	435
飗	7711	35343545325121	435
𬸚	7712	35345134435451	435
凘	7713	41122111343312	435
廑	7714	41312212511121	436
廙	7715	41325121122134	436
瘗	7716	41341143134121	436
瘥	7717	41341431113121	437
瘕	7718	41341512115154	437
鲝	7719	43111335251211	438
鄫	7720	43252431251152	439
熇	7721	43344125125251	439
漹	7722	44112121154444	439
漖	7723	44112135213134	439
潆	7724	44112245554234	439
漤	7725	44112341234531	439
潩	7726	44125121122134	440
漼	7727	44125232411121	440
漴	7728	44125244511234	440
㽏	7729	44134125112211	440
漈	7730	44135445411234	441
漋	7731	44152354131121	441
漻	7732	44154154134333	441
慬	7733	44212212511121	441
窬	7734	44534341251122	442
窭	7735	44534431234531	442
㮾	7736	45115435111234	443
𬤝	7737	45125112144544	443
褕	7738	45234341251122	443
禛	7739	45241225111134	444
禚	7740	45244311214444	444
隩	7741	52325431234134	444
嫕	7742	53113113454544	445
嫭	7743	53121531534312	445
嫜	7744	53141431251112	445
嫪	7745	53154154134333	445
𬙂	7746	55144512512134	446
㻬	7747	112114524444115	447
麹	7748	112135435431234	447
璆	7749	112154154134333	448
漦	7750	112343134132534	448
叇	7751	115451124134454	448
墣	7752	121224314311134	449
墦	7753	121343123425121	450
墡	7754	121431112431251	450
劐	7755	122324111215422	453
薁	7756	122325431234134	453
蕰	7757	122441251125221	453
蔃	7758	122515251251214	453
鼒	7759	123251115132125	454
槱	7760	123412535114444	454
鹝	7761	125125431235451	455
磏	7762	132514315112234	457
磉	7763	132515454541234	457
殣	7764	135412212511121	457
慭	7765	143123413444544	457
霅	7766	145244444111251	458
暵	7767	251112212511134	459
暲	7768	251141431251112	460
暶	7769	251141533152134	460
踦	7770	251212113412512	460
踣	7771	251212141431251	461
䗖	7772	251214122245252	462
蝘	7773	251214125115315	462
蝲	7774	251214125123422	462
蝤	7775	251214431253511	464
噇	7776	251414312511211	465
噂	7777	251431253511124	465
噀	7778	251515515122134	465
罶	7779	252213545325121	465
嶲	7780	252324111212525	465
嶓	7781	252343123425121	466
㠇	7782	252412512341354	466
嶟	7783	252431253511124	466
嶒	7784	252432524312511	466
镆	7785	311151222511134	467
镈	7786	311151251124124	467
镋	7787	311152434525135	467
镎	7788	311153412513112	468
𬭩	7789	311153454541541	468
镕	7790	311154453434251	468
稹	7791	312341225111134	469
儇	7792	322522112513534	470
皞	7793	325113251113412	471
皛	7794	325113251132511	471
䴘	7795	332153153535451	471
艎	7796	335414325111121	471
艏	7797	335414431325111	472
鹟	7798	345454154135451	472
𩾃	7799	352512113525135	473
鲦	7800	352512113541234	473
鲪	7801	352512115113251	473
鲬	7802	352512115425112	474
橥	7803	353121325111234	474
觭	7804	353511213412512	474
鹠	7805	354532512135451	474
鹡	7806	413434251135451	476
糇	7807	431234325131134	477
糈	7808	431234521342511	477
翦	7809	431251122541541	477
鹢	7810	431342522135451	477
鹣	7811	431511223435451	477
熛	7812	433412522111234	478
潖	7813	441112111215215	478
潵	7814	441122125113134	479
㵐	7815	441134315233534	479
澂	7816	441252111213134	479
澛	7817	441352512112511	480
瑬	7818	441415432511214	480
潽	7819	441431224312511	480
潾	7820	441431234354152	480
潏	7821	441545232534251	481
憭	7822	442134432511234	481
憕	7823	442543341251431	482
𬸣	7824	445112213435451	482
戭	7825	445125121341534	482
褯	7826	452344131221252	483
禤	7827	452425221541541	483
𫍽	7828	452522112513534	483
嫽	7829	531134432511234	484
遹	7830	545232534251454	484
𬴊	7831	551431234354152	485
璥	7832	1121122352513134	486
璲	7833	1121431353334454	486
璒	7834	1121543341251431	487
憙	7835	1212514312514544	487
擐	7836	1212522112513534	488
鄹	7837	1221115432333452	488
薳	7838	1221212513234454	488
鞔	7839	1221251123525135	489
黇	7840	1221251213421251	489
𬞟	7841	1222121233132534	489
蕗	7842	1222512121354251	489
薢	7843	1223535112533112	490
蕹	7844	1224155332411121	490
橞	7845	1234125112144544	491
橑	7846	1234134432511234	492
橦	7847	1234414312511211	492
醑	7848	1253511521342511	494
觱	7849	1312515343535112	494
磡	7850	1325112211134553	494
𥕢	7851	1325112512212511	494
磜	7852	1325135445411234	494
豮	7853	1353334121222534	495
𫟦	7854	1521431353334454	496
𬺈	7855	2121345213412512	496
𫠜	7856	2121345232151135	496
鹾	7857	2125341431113121	496
虤	7858	2153153521531535	496
暿	7859	2511121251431251	497
曌	7860	2511351144534121	497
曈	7861	2511414312511211	497
㬚	7862	2511415425113134	498
蹅	7863	2512121123425111	498
踶	7864	2512121251112134	498
䗛	7865	2512143223542511	499
螗	7866	2512144135112251	500
疁	7867	2512154154134333	500
㠓	7868	2521224511353334	501
幪	7869	2521224511353334	501
𪩘	7870	2521225431121344	501
嶦	7871	2523513344111251	501
𬭬	7872	3111511121112511	502
𨱑	7873	3111512212512134	502
𬭯	7874	3111543252343134	503
馞	7875	3123425111245521	504
穄	7876	3123435445411234	504
篚	7877	3143141211121115	504
篯	7878	3143143111511534	504
簉	7879	3143143121251454	504
鼽	7880	3251112512113235	505
衠	7881	3321225111134112	506
盦	7882	3445125351125221	506
螣	7883	3511431134251214	507
縢	7884	3511431134554234	507
鲭	7885	3525121111212511	507
鲯	7886	3525121112211134	507
鲰	7887	3525121112211154	507
鲺	7888	3525121153251214	508
鲹	7889	3525121154134333	508
𫗴	7890	3554125251125111	509
亸	7891	4125152143251112	509
癀	7892	4134112212512134	509
瘭	7893	4134112522111234	510
𬸦	7894	4153313113435451	511
羱	7895	4311131332511234	511
糒	7896	4312341221325112	512
燋	7897	4334324111214444	512
熻	7898	4334341251541541	513
燊	7899	4334433443341234	513
燚	7900	4334433443344334	513
燏	7901	4334545232534251	513
濩	7902	4411223241112154	513
濋	7903	4411234123452134	513
澪	7904	4411452444434454	514
澽	7905	4412153151353334	514
澴	7906	4412522112513534	514
澭	7907	4414155332411121	515
澼	7908	4415132514143112	515
憷	7909	4421234123452134	515
憺	7910	4423513344111251	515
懔	7911	4424125251111234	516
黉	7912	4434512212512134	516
嬛	7913	5312522112513534	517
鹨	7914	5415413433335451	517
翯	7915	5415414125125251	517
𫄷	7916	5514143125114544	518
璱	7917	11211121112145434	518
𤩽	7918	11211225431121344	518
璬	7919	11213251141533134	519
璮	7920	11214125251125111	519
髽	7921	12111543333434121	519
擿	7922	12141432512251454	519
薿	7923	12235311345452134	521
薸	7924	12244112522111234	521
檑	7925	12341452444425121	521
櫆	7926	12343251135544412	521
檞	7927	12343535112533112	522
醨	7928	12535114134522554	522
繄	7929	13113453554554234	522
磹	7930	13251125221251112	522
磻	7931	13251343123425121	523
瞫	7932	25111125221251112	524
瞵	7933	25111431234354152	524
蹐	7934	25121214134342511	525
蟏	7935	25121412251123234	526
㘎	7936	25142551221113134	527
𬭳	7937	31115121251431251	528
镤	7938	31115224314311134	528
𬭶	7939	31115254312114444	528
𫔍	7940	31115343123425121	528
镥	7941	31115352512112511	528
镨	7942	31115431224312511	529
𬭸	7943	31115431234354152	529
𨱔	7944	31115431253511124	529
𬭼	7945	31115431353334454	529
𫔎	7946	31115545232534251	529
矰	7947	31134432524312511	530
穙	7948	31234224314311134	530
穜	7949	31234414312511211	530
穟	7950	31234431353334454	530
簕	7951	31431412212511253	530
簃	7952	31431431234354354	531
簏	7953	31431441352211535	531
儦	7954	32413522115354444	532
魋	7955	32511355432411121	532
斶	7956	33122522135251214	532
艚	7957	33541412512212511	533
𬸪	7958	34312342512135451	533
谿	7959	34435541343434251	533
䲠	7960	35251211111342511	534
𬶟	7961	35251211125123422	534
鲾	7962	35251211125125121	534
𬶠	7963	35251211125431234	535
鲿	7964	35251211243451154	535
鳁	7965	35251211251125221	535
鳂	7966	35251211251211534	535
鳈	7967	35251211325112534	535
鳉	7968	35251211412354124	536
獯	7969	35331254312114444	536
䗪	7970	41312214444251214	536
馘	7971	43132511112511534	537
襕	7972	45234425125431234	539
襚	7973	45234431353334454	539
𬶨	7974	51154153535251211	539
螱	7975	51311234124251214	539
甓	7976	51325141431121554	539
嬬	7977	53114524444132522	540
嬥	7978	53154154132411121	540
𦈡	7979	55114524444132522	541
𫄸	7980	55131254312114444	541
瓀	7981	112114524444132522	541
釐	7982	112343134132511211	541
鬶	7983	113425351251254312	541
爇	7984	122121341213544444	542
鞳	7985	122125112122341251	542
鞮	7986	122125112251112134	542
𬟁	7987	122125125431235451	543
藟	7988	122251212512125121	543
藦	7989	122413123412343112	543
藨	7990	122413522115354444	543
鹲	7991	122451135333435451	543
檫	7992	123444535445411234	544
黡	7993	131344254312114444	544
礞	7994	132511224511353334	544
礌	7995	132511452444425121	544
𥖨	7996	132512512512511234	544
蹢	7997	251212141432512251	546
蹜	7998	251212144532132511	546
蟫	7999	251214125221251112	546
䗴	8000	251214314314312154	546
嚚	8001	251251125125251251	546
髃	8002	255452511251125214	547
镮	8003	311152522112513534	547
镱	8004	311154143125114544	548
酂	8005	312135312135253452	548
馧	8006	312342511251125221	548
簠	8007	314314125112425221	548
簝	8008	314314134432511234	548
簰	8009	314314321532511312	548
鼫	8010	321511544544513251	549
鼩	8011	321511544544535251	549
皦	8012	325113251141533134	549
臑	8013	351114524444132522	549
䲢	8014	351143113435251211	549
鳑	8015	352512114143454153	550
鳒	8016	352512114315112234	550
鹱	8017	354511223241112154	550
鹯	8018	412525112511135451	550
癗	8019	413411452444425121	550
𦒍	8020	414312511211541541	551
旞	8021	415331431353334454	551
翷	8022	431234354152541541	551
冁	8023	432511125131221534	551
䎖	8024	432524312511541541	551
瀔	8025	441121451312343554	552
瀍	8026	441413251121134121	552
瀌	8027	441413522115354444	552
襜	8028	452343513344111251	552
䴙	8029	513251414311235451	552
𬙊	8030	551254312114444121	553
嚭	8031	1212514312511324251	553
㰀	8032	1234312343533424134	554
鬷	8033	1251254312345234354	555
醭	8034	1253511224314311134	555
蹯	8035	2512121343123425121	556
蠋	8036	2512142522135251214	557
翾	8037	2522112513534541541	557
鳘	8038	3155414313435251211	558
儳	8039	3235251153535251354	558
儴	8040	3241251251112213534	558
鼗	8041	3415341212514311254	559
𬶭	8042	3525121135445411234	559
𩾌	8043	3525121141351124134	559
鳚	8044	3525121151311234124	560
鳛	8045	3525121154154132511	560
麑	8046	4135221153532151135	560
麖	8047	4135221153541251234	561
蠃	8048	4152513511251214354	561
彟	8049	5111241223241112154	562
嬿	8050	5311221251211354444	562
鬒	8051	12111543331225111134	563
蘘	8052	12241251251112213534	563
欂	8053	12341224411251124124	563
醵	8054	12535112153151353334	563
颥	8055	14524444132522132534	564
甗	8056	21531512512543121554	564
𨟠	8057	25111251113241112152	564
巇	8058	25221531512514311534	565
酅	8059	25232411121253425152	565
髎	8060	25545251154154134333	566
犨	8061	32411121324111213112	567
𬶮	8062	35251211121251431251	567
𨭉	8063	41341121215434112431	567
㸌	8064	43341452444432411121	568
爔	8065	43344311213123415534	568
瀱	8066	44125221134334433422	568
瀹	8067	44134125125125125122	568
瀼	8068	44141251251112213534	568
瀵	8069	44143123425121122134	568
襫	8070	45234113251113251134	568
孅	8071	53134341211121111534	569
骦	8072	55114524444123425111	569
𬙋	8073	55141251251112213534	569
耰	8074	111234132511454544354	569
𤫉	8075	112141112514334433454	569
瓖	8076	112141251251112213534	569
鬘	8077	121115433325112522154	570
趯	8078	121213454154132411121	570
𬺓	8079	212134521234123452134	570
罍	8080	251212512125121311252	571
鼱	8081	321511544544511212511	571
鳠	8082	352512111223241112154	571
鳡	8083	352512111312515344544	571
鳣	8084	352512114125251125111	571
爟	8085	433412225125132411121	572
爚	8086	433434125125125125122	572
灈	8087	441251112511132411121	572
韂	8088	1221251123513344111251	573
糵	8089	1223251514143112431234	574
蘼	8090	1224131234123421112111	574
礵	8091	1325114524444123425111	574
鹴	8092	1452444412342511135451	574
躔	8093	2512121413251121134121	575
皭	8094	3251134432522151154124	575
龢	8095	3412512512512512231234	575
鳤	8096	3525121131431444525151	576
亹	8097	4132112512515114525111	576
籥	8098	31431434125125125125122	577
鼷	8099	32151154454453443554134	577
𫚭	8100	35251211555253415445445	577
玃	8101	35325111251113241112154	578
醾	8102	125351141312341234431234	578
齇	8103	3251112512113221531525111	580
觿	8104	3535112252324111212534251	580
蠼	8105	25121425111251113241112154	580
